Institution Name,Institution Type,Website,Location,Phone,Rating
Techasoft Pvt. Ltd.,Corporates,https://www.techasoft.com/,Bangalore,099860 56909,4.5
ASM Technologies,Corporates,http://www.asmltd.com/,Bangalore,080669 62302,4.1
ManyaSoft,Corporates,https://manyasoft.com/,Bangalore,081974 40066,4.7
VRAIO Software Solutions Pvt Ltd,Corporates,https://vraio.in/,Bangalore,N/A,4.5
Zinavo Private Limited,Corporates,https://www.zinavo.com/,Bangalore,080 3569 4395,4.6
Nextbrain Technologies Pvt Ltd | Bangalore,Corporates,https://www.nextbraintech.com/,Bangalore,080883 21887,4.8
TechTree IT Systems Private Limited,Corporates,http://www.techtreeit.com/,Bangalore,080 2221 9722,3.7
Igeeks Technologies Internship Company,Corporates,https://www.igeekstechnologies.com/,Bangalore,095905 44567,4.5
Zensar Technologies,Corporates,https://www.zensar.com/,Bangalore,080 6906 1900,4
Mobinius,Corporates,http://www.mobinius.com/,Bangalore,080508 92702,4.5
Pramati Technologies,Corporates,https://www.pramati.com/,Bangalore,080 3355 2000,4.1
"Bangalore, Microgreen Technologies Pvt Ltd, Bangalore",Corporates,http://www.microgreentech.com/,Bangalore,078159 60452,4
AmSan Technology,Corporates,http://www.amsantechnology.in/,Bangalore,099006 01788,4.8
Nexential Technology Solutions Pvt. Ltd.,Corporates,https://nexential.co.uk/,Bangalore,095008 64111,4.6
Lyte Calc Technologies Pvt Ltd,Corporates,http://www.calctechnologies.com/,Bangalore,080 3701 2566,5
HackerEarth | Tech Hiring & Developer Recruitment Platform,Corporates,https://www.hackerearth.com/,Bangalore,080 4865 1256,4.4
Elfonze Technologies Pvt Ltd,Corporates,http://www.elfonze.com/,Bangalore,096633 96810,4.9
Effone Technologies Private Limited,Corporates,http://www.effone.com/,Bangalore,080 2332 3298,4.4
Tech minds,Corporates,https://www.meridatechminds.com/,Bangalore,089045 99283,4.4
Wincent Technologies,Corporates,http://www.wtipl.com/,Bangalore,098867 83967,3.8
Infosys Limited,Corporates,https://www.infosys.com/,Bangalore,080 2559 2088,4.4
Ak Technologies Pvt Ltd,Corporates,http://aspironkhuze.com/,Bangalore,N/A,5
DxMinds,Corporates,https://dxminds.com/,Bangalore,074835 46629,4.6
Invaria Tech India Pvt Ltd,Corporates,http://invariatech.com/,Bangalore,096630 63005,4
ERP Bangalore,Corporates,http://erpbangalore.com/,Bangalore,097399 66977,5
Mindroit Technologies Pvt Ltd,Corporates,http://www.mindroit.com/,Bangalore,078296 52092,4.8
RUPSTECH PVT LTD,Corporates,http://rupstech.com/,Bangalore,099869 63082,4.9
BlueRose Technologies Pvt. Ltd.,Corporates,https://bluerose-tech.com/,Bangalore,080 4646 4949,4.3
ITC Infotech India Ltd.,Corporates,https://www.itcinfotech.com/,Bangalore,080 2298 8331,4.3
Oracle,Corporates,https://www.oracle.com/in/,Bangalore,080 4107 6000,4.6
Techpearl Software Pvt. Ltd.,Corporates,http://www.techpearl.com/,Bangalore,076762 86873,4.6
Reckonsys Tech Labs Pvt Ltd,Corporates,https://www.reckonsys.com/,Bangalore,080 4749 3499,4.4
Embright Infotech Private Limited - VR Company Bangalore,Corporates,http://www.embrightinfotech.com/,Bangalore,087929 75982,4.3
Trigent Software Pvt. Ltd. - IT Services Division,Corporates,https://trigent.com/?utm_source=GMB-IN&utm_medium=GMB-Profile&utm_campaign=TrigentHome,Bangalore,080 2226 3000,4.5
Chloros Technologies,Corporates,http://www.chloros.in/,Bangalore,080 4110 6720,4.9
Nsp square,Corporates,http://www.testyantra.com/,Bangalore,080 4120 4235,3.9
Corsel Technologies - Mobile App Development Company in Bangalore,Corporates,https://corseltechnologies.com/,Bangalore,089709 97777,5
Sunplus Software Technologies Pvt. Ltd,Corporates,https://sunplussoftware.com/,Bangalore,080 4300 3225,4.5
WEBCYPHER TECHNOLOGIES,Corporates,https://www.webcyphertechnologies.com/,Bangalore,097393 27547,5
Freshtronics solutions,Corporates,http://www.freshtronics.in/,Bangalore,N/A,5
I S INFOTECH PVT LTD,Corporates,http://isinfotech.in/,Bangalore,099163 28110,4.2
FuGenX Technologies,Corporates,https://fugenx.com/,Bangalore,040 6791 8888,3.3
Tally on cloud bangalore,Corporates,http://mcrindia.in/,Bangalore,099647 40243,5
Milestone Technologies,Corporates,https://milestone.tech/,Bangalore,0484 424 2800,4
Funambolo Technologies Pvt Ltd,Corporates,http://www.funambolo.co.in/,Bangalore,080 2520 2005,5
Dyuti Technologies,Corporates,http://www.dyutitech.com/,Bangalore,080 2661 5006,4.4
Nichi In Software Solutions Pvt Ltd,Corporates,https://www.nichi.com/,Bangalore,080 2672 0884,4
Wolken Software Pvt Ltd - Basavanagudi,Corporates,http://www.wolkensoftware.com/,Bangalore,096069 50857,4.3
"Poletek Technologies Pvt Ltd - Enterprise Software and Mobile Application Development Company in Bangalore, India",Corporates,https://poletek.in/,Bangalore,087922 39974,5
"Gaea Global Technologies, India, Bangalore",Corporates,http://gaeaglobal.com/,Bangalore,093805 63086,4.3
GVW Technologies Pvt Ltd,Corporates,https://global-value-web.com/,Bangalore,044 4200 9020,4.7
SalesPro Consulting Pvt. Ltd (Revvlocity),Corporates,http://www.revvlocity.com/,Bangalore,N/A,4.4
Marconix Sales and Marketing Pvt. Ltd.,Corporates,http://www.marconix.in/,Bangalore,093413 72105,3.8
Sales Training | Soft Skills Training | Sales Training Companies | Corporate Sales Training Programs | Soft Skills Training,Corporates,https://www.dishahconsultants.com/sales-training-in-bangalore,Bangalore,098846 23854,4.8
Sales Magnitude | META & Google Ads Agency | Quality Leads,Corporates,https://www.salesmagnitude.com/,Bangalore,083949 97177,5
Sales Jobs India,Corporates,http://salesjobsindia.com/,Bangalore,074062 07776,5
Digital iMac,Corporates,http://www.digitalimac.com/,Bangalore,099013 06103,4.9
Digimark Agency,Corporates,https://www.digimarkagency.com/?utm_source=GMB&utm_medium=Organic&utm_campaign=Main,Bangalore,088843 30607,4.7
Regalix - A MarketStar Company,Corporates,https://www.marketstar.com/?utm_source=gmb&utm_medium=organic&utm_campaign=gmb-listing-blr,Bangalore,080 4944 5000,3.9
C-Square Info-Solutions Ltd,Corporates,https://www.csquare.in/,Bangalore,083101 44401,4.7
Azeez Trading Company,Corporates,https://www.atctools.com/,Bangalore,080 4160 0651,4.4
Sage Software Solutions Pvt Ltd | ERP & CRM Provider in Bengaluru,Corporates,https://www.sagesoftware.co.in/,Bangalore,099626 66339,4.5
Feroze estate agency - Furnished office space for rent in bangalore,Corporates,http://www.ferozes.com/,Bangalore,098450 18800,4.2
InOpTra Digital Pvt Ltd,Corporates,http://inoptra.com/,Bangalore,0469 238 6802,4.7
Beta,Corporates,https://betadigitalmarketing.com/,Bangalore,095139 99901,5
Bangalore Job Hub (BPO Job Placement),Corporates,https://bangalorejobhub.com/,Bangalore,080 6957 8070,4.9
Regortz,Corporates,https://www.regortz.com/,Bangalore,096635 14043,5
BlueChip Corporation,Corporates,http://bluechipcorporation.in/,Bangalore,098445 88579,4.6
aNumak & Company,Corporates,https://anumak.com/,Bangalore,080 6120 7035,4.9
Aargee Steel Inc,Corporates,http://www.materialdeal.com/,Bangalore,099005 48183,4.9
Bangalore Sales Corporation,Corporates,https://www.bangaloresalescorporation.com/,Bangalore,080 4603 9327,4
"NexaWeb | Best Website Designer, Web Development and SEO Services in Bangalore",Corporates,https://nexaweb.in/,Bangalore,081470 36086,5
Encee Enterprises,Corporates,http://enceeenterprises.in/,Bangalore,089718 06160,5
Percoyo Digital,Corporates,https://www.percoyo.com/,Bangalore,076767 22000,4.8
BEACON - SOLIDWORKS Reseller In Bangalore,Corporates,https://www.beacon-india.com/?utm_source=google%20maps&utm_medium=website%20button&utm_campaign=bangalore,Bangalore,097394 25765,4.6
Mahesh Distributors,Corporates,http://www.maheshhotelware.com/,Bangalore,093800 61608,4.4
Proaxis Solutions - Best Forensic Lab in Bangalore | Digital Forensic Services in Karnataka,Corporates,https://proaxissolutions.com/,Bangalore,091089 68720,4.9
Seller Center,Corporates,http://sellercenter.in/,Bangalore,074065 13246,4.9
Brandeas Biz Labs private limited,Corporates,https://brandeas.com/,Bangalore,096320 87026,5
Retail Gurukul - Grow ur profits,Corporates,https://retailgurukul.com/,Bangalore,090360 36524,4.8
AL Unique traders- Best wholesale unique power tools and hardware shop in Bangalore,Corporates,https://www.instagram.com/aluniquetraders/profilecard/?igsh=MThpbXJpOGlsbnRoZQ==%20https://youtube.com/@aluniquetraders?si=1zNJYE0m4kJEkBjx,Bangalore,081477 93144,4.7
SKIMBOX,Corporates,https://www.skimbox.co/,Bangalore,098528 84869,4.7
Genuine X Distribution LLP,Corporates,https://www.instagram.com/genuine_x_distribution_?igsh=MTRwcjd2b2VjdG1wNg==,Bangalore,072040 40201,4.8
Super Computers & Laptops,Corporates,http://sclgaming.in/,Bangalore,098802 06523,4.6
Bharathi Systems & Services,Corporates,https://www.bharathisystems.com/,Bangalore,080 4113 9800,4.8
"Big Marketing Works - Google My Business Profile, Local SEO, Keywords Top Ranking, Google Maps, PPC Ads, Digital Marketing",Corporates,http://www.bigmarketingworks.com/,Bangalore,087544 21757,4.8
Trident Machinery Corporation,Corporates,http://www.tridentmachines.com/,Bangalore,080 4124 0240,4.5
BMS College of Engineering,Schools,http://www.bmsce.ac.in/,Bangalore,N/A,4.4
Ramaiah Institute of Technology,Schools,http://www.msrit.edu/,Bangalore,080 2360 0822,4.3
Dayananda Sagar College of Engineering,Schools,http://www.dsce.edu.in/,Bangalore,080 4216 1751,4.2
MVJ College of Engineering,Schools,https://www.mvjce.edu.in/,Bangalore,080 4299 1003,4
Bangalore Institute of Technology,Schools,https://bit-bangalore.edu.in/,Bangalore,080 2661 3237,4.2
AMC Engineering College,Schools,https://amcec.edu.in/,Bangalore,099020 44114,4.1
UVCE,Schools,https://uvce.ac.in/,Bangalore,N/A,4.5
BMS Institute of Technology and Management,Schools,https://bmsit.ac.in/,Bangalore,080 6873 0429,4.3
SJB Institute of Technology,Schools,http://www.sjbit.edu.in/,Bangalore,080 2861 2445,4.3
Cambridge Institute of Technology - CIT,Schools,https://engg.cambridge.edu.in/,Bangalore,080 2561 8798,4.1
New Horizon College of Engineering,Schools,https://newhorizoncollegeofengineering.in/,Bangalore,080662 97777,4.1
R. V. College of Engineering,Schools,https://rvce.edu.in//,Bangalore,080 6818 8100,4.3
Acharya Institute of Technology,Schools,https://www.acharya.ac.in/,Bangalore,074066 44449,4.1
Dr. Ambedkar Institute Of Technology,Schools,https://drait.edu.in/,Bangalore,N/A,4
Sir M. Visvesvaraya Institute of Technology,Schools,http://www.sirmvit.edu/,Bangalore,080 2846 7248,4.1
East Point College of Engineering And Technology,Schools,http://www.eastpoint.ac.in/,Bangalore,072042 29999,4.2
Don Bosco Institute Of Technology,Schools,https://dbit.co.in/?utm_source=GMB&utm_medium=profile&utm_campaign=Website_Clicks,Bangalore,088807 16716,4.1
Gopalan College of Engineering and Management,Schools,https://www.gopalancolleges.com/gcem/,Bangalore,080 4222 9748,4.4
CMR Institute of Technology,Schools,http://www.cmrit.ac.in/,Bangalore,080 2852 4466,4.2
SVCE Bengaluru: SRI VENKATESHWARA COLLEGE OF ENGINEERING AUTONOMOUS INSTITUTE,Schools,https://www.svcengg.edu.in/,Bangalore,099167 75988,4.1
Jyothy Institute of Technology,Schools,http://jyothyit.ac.in/,Bangalore,090711 17475,4.2
Nagarjuna College Of Engineering & Technology,Schools,https://ncet.co.in/,Bangalore,080674 62700,4.1
JSS Academy Of Technical Education,Schools,http://www.jssateb.ac.in/,Bangalore,080 2861 2565,4.2
Global Academy of Technology,Schools,http://www.gat.ac.in/,Bangalore,080 2860 3157,4.2
City Engineering College,Schools,https://cityengineeringcollege.ac.in/,Bangalore,098804 11361,4
KSIT,Schools,http://www.ksit.ac.in/,Bangalore,080 2843 5722,4
Dayananda Sagar Academy of Technology and Management (DSATM),Schools,https://dsatm.edu.in/,Bangalore,N/A,4.2
Christ University,Schools,http://www.christuniversity.in/,Bangalore,080 4012 9400,4.3
BGS College of Engineering and Technology,Schools,http://www.bgscet.ac.in/,Bangalore,099648 97207,4.5
PES University,Schools,http://pes.edu/,Bangalore,080102 97297,4.2
K S School of Engineering and Management,Schools,https://www.kssem.edu.in/,Bangalore,088844 44408,4
Vemana Institute of Technology,Schools,https://vemanait.edu.in/,Bangalore,095354 44571,3.9
HKBK College of Engineering,Schools,https://www.hkbk.edu.in/,Bangalore,090350 22250,3.6
ACS College of Engineering,Schools,http://www.acsce.edu.in/,Bangalore,080 2974 8222,3.7
BNM Institute of Technology,Schools,https://www.bnmit.org/?utm_source=GMB&utm_medium=organic,Bangalore,080 2671 1781,3.9
The Oxford College of Engineering bommanahalli,Schools,http://www.theoxford.edu/engineering/,Bangalore,099643 13495,3.6
"Sapthagiri College of Engineering, Bengaluru.",Schools,http://www.sapthagiri.edu.in/,Bangalore,N/A,3.7
Rajarajeswari College of Engineering,Schools,http://www.rrce.org,Bangalore,080 2843 7124,3.8
M. S. Engineering College,Schools,http://www.msec.ac.in/,Bangalore,093433 99909,3.8
Sambhram Institute of Technology,Schools,http://www.sambhramit.com/,Bangalore,088844 40085,3.6
JAIN (Deemed-to-be University),Schools,https://www.jainuniversity.ac.in/,Bangalore,080 6927 9444,3.9
Sri Krishna Institute Of Technology - Bangalore,Schools,https://www.skit.org.in/index.html,Bangalore,096060 91262,3.9
Bangalore Technological Institute,Schools,http://btibangalore.org/,Bangalore,070904 04050,3.5
NIDM-National Institute of Digital Marketing Bangalore,Schools,https://nidmindia.com/,Bangalore,074835 12356,4.7
Web Marketing Academy - Digital Marketing Courses in Bangalore,Schools,https://www.webmarketingacademy.in/,Bangalore,N/A,4.9
Indras Academy,Schools,https://www.indrasacademy.com/,Bangalore,081972 24940,4.7
eMarket Education - Best Digital Marketing Course with Placement,Schools,https://www.emarketeducation.in/,Bangalore,091082 73335,4.8
Streamlyn Academy,Schools,https://streamlynacademy.com/,Bangalore,N/A,4.7
International School of Management Excellence,Schools,http://www.isme.in/,Bangalore,088806 12345,4.3
AIMS IBS Business School | Best MBA college in Bangalore,Schools,https://www.aimsibs.com/?utm_source=gmb&utm_medium=website-button,Bangalore,077958 52804,4.6
"GIBS Business School, Bangalore Campus",Schools,https://www.gibs.edu.in/,Bangalore,085500 04800,4.5
Xavier Institute Of Business Management Studies - XIBMS Bangalore,Schools,https://www.xibms.com/,Bangalore,080951 95306,4.8
St Joseph's Institute of Management,Schools,http://www.sjim.edu.in/?utm_source=GMBListing&utm_medium=organic,Bangalore,080 2559 7781,4.5
Bangalore Institute of Management Studies,Schools,https://www.bimsbangalore.org/,Bangalore,063605 40453,4.2
CMS Business School,Schools,https://bschool.cms.ac.in/,Bangalore,080 4684 0400,4.3
AIMS Institutes,Schools,https://theaims.ac.in/,Bangalore,081500 01994,4
IBMR IBS- college Bangalore,Schools,http://www.ibmribscollege.com/,Bangalore,090363 13131,4.5
Jagdish Sheth School of Management (JAGSoM),Schools,https://jagsom.edu.in/?utm_source=Google&utm_medium=organic&utm_campaign=gmb,Bangalore,081479 73132,4.1
"ExcelR - Data Science, Data Analytics Course Training in Bangalore",Schools,https://www.excelr.com/data-science-course-training-in-bangalore?utm_source=SEO&utm_medium=GoogleLocal&utm_campaign=GMB_BLR&utm_location=BTM_Layout,Bangalore,096321 56744,4.6
IIBS Bangalore R.T.Nagar Campus,Schools,http://www.iibs.edu.in/bangalore-college,Bangalore,096202 48214,4.3
Onlinism Digital Marketing Training Institute,Schools,http://onlinism.com/,Bangalore,N/A,5
IBMR Business School I Top MBA MCA Law College,Schools,https://ibmrbangalore.in/,Bangalore,063648 37214,4.6
Kristu Jayanti School of Business and Management,Schools,https://www.kristujayantimba.edu.in/,Bangalore,080 2846 5353,4.8
SKILLFLOOR - Digital Marketing Course in Marathahalli,Schools,https://skillfloor.com/digital-marketing-courses-in-bangalore,Bangalore,N/A,4.6
NITTE School of Management,Schools,http://www.nsom.ac.in/,Bangalore,080 2216 7888,4.6
RDS Digital,Schools,https://rdsdigital.in/,Bangalore,063637 38608,4.6
Regional College of Management Bangalore,Schools,https://www.rcmb.in/,Bangalore,095389 02136,4.3
ADARSH INSTITUTE OF MANAGEMENT & INFORMATION TECHNOLOGY,Schools,http://adarshaimit.org/,Bangalore,080 2667 7100,4.6
Amity Global Business School Bangalore,Schools,https://bangalore.agbs.in/,Bangalore,097315 99955,4.1
"International School of Business and Media, Bangalore",Schools,https://www.isbmb.ac.in/,Bangalore,081979 78484,4.6
Dayananda Sagar Business School,Schools,https://dsbs.edu.in/,Bangalore,096115 15262,4.3
Designerrs - UI/UX Design Academy,Schools,https://designerrs.com/,Bangalore,070900 78007,4.6
iPEC Solutions Pvt.Ltd - Data Science Course Training in Bangalore,Schools,http://ipecsolutions.com/,Bangalore,063667 91314,4.9
BSBS - The B School,Schools,http://www.bsbsbschool.com/,Bangalore,080 4120 8707,4.8
IIBS Bengaluru Airport Campus (NAAC & NBA Accredited Business School),Schools,https://www.iibs.edu.in/,Bangalore,090004 53555,4.6
ONESB,Schools,https://www.onesb.edu.in/,Bangalore,N/A,4.2
SAM TECHNOLOGIES (Bulk SMS Service Provider),Schools,https://samtechnologies.org/,Bangalore,N/A,5
Institute of Marketing Communications India,Schools,https://www.imciindia.org/,Delhi,096503 04949,5
upGrad Campus,Schools,https://upgrad.com/,Bangalore,081473 54051,4.2
INDUS VALLEY COLLEGE,Schools,http://www.indusvalleycollege.com/,Bangalore,077605 06677,4.3
IIDE - Digital Marketing Courses in Mumbai,Schools,https://iide.co/iide-mumbai/,Delhi,096199 58615,4.7
NorthStar Academy,Schools,https://northstaracad.com/,Bangalore,081474 70707,4.8
Brandlution,Schools,https://www.brandlution.com/,Bangalore,N/A,4.3
Adarsh Group Of Institutions,Schools,http://www.agieducation.org/,Bangalore,080 2667 7100,4
Webi7 Digital Media,Schools,https://webi7.com/,Bangalore,077607 20004,4.6
IIG South – India’s Premier Gems & Jewelry Institute,Schools,https://www.iigsouth.com/,Bangalore,070196 99357,4.9
Ittisa Creative Rebels,Schools,http://ittisa.com/,Bangalore,096863 43533,4.2
Itvedant - Bangalore,Schools,https://www.itvedant.com/?utm_source=GMB&utm_medium=organic&utm_campaign=gmb-listing-Bengaluru,Bangalore,092050 04404,4.6
Skillhacc Ed-tech PVT Ltd,Schools,http://www.skillhacc.com/,Bangalore,073492 64885,4.1
East Point Group of Institutions,Schools,http://www.eastpoint.ac.in/,Bangalore,072042 29999,4.4
Exotic displays & marketing,Schools,http://www.exoticdisplay.com/,Bangalore,099809 46626,4.9
The Delhi School of Communication - DSC,Schools,https://dsc.edu.in/,Delhi,098104 74269,4.6
Bangalore Culinary Institute - Unit of Indian Culinary Academy,Schools,https://www.bangaloreculinaryinstitute.com/,Bangalore,063609 93867,4
AchieversIT,Schools,https://www.achieversit.com/?utm_source=organic&utm_medium=local-seo&utm_campaign=btm,Bangalore,084310 40457,4.8
Learning Academy,Schools,https://www.mylearningacademy.in/,Bangalore,091106 72483,4.6
Internz Learn,Schools,https://www.internzlearn.com/,Bangalore,096069 04399,4.2
Edureka,Schools,https://www.edureka.co/,Bangalore,089517 55408,4.5
Saffron Tech Pvt. Ltd.,Corporates,https://www.saffrontech.net/,Delhi,088890 71960,4.1
Saffron Tech Pvt. Ltd.,Corporates,https://www.saffrontech.net/,Delhi,091799 74750,3.9
Aziels Technologies Pvt Ltd,Corporates,https://www.aziels.com/,Delhi,084479 68167,5
"Astha Technologies - Mobile App Development Company in Delhi NCR | iOS, Android App Development",Corporates,https://asthatechnologies.org/mobile-app-development-company-delhi/,Delhi,N/A,5
Techpertz IT Solutions,Corporates,https://techpertz.com/,Delhi,099588 94786,5
Acropolis Infotech - Delhi Office,Corporates,https://www.acropolisinfotech.com/,Delhi,099998 76593,4.5
NexGen Innovators - Software Company,Corporates,https://www.nexgi.com/,Delhi,N/A,4.8
Techasoft,Corporates,https://www.techasoft.com/,Delhi,099860 56909,5
WebOConnect Technologies Pvt. Ltd.,Corporates,https://weboconnect.com/,Delhi,084471 41991,4.7
Xicom Technologies Ltd.,Corporates,http://www.xicom.biz/,Delhi,011 2550 2616,4.3
Pantheon digital,Corporates,http://pantheondigitals.com/,Delhi,093547 61565,4.8
VLS Technology Private Limited,Corporates,https://vlstechnology.com/,Delhi,097112 00318,5
Razor Infotech Pvt. Ltd. ( IT solutions),Corporates,http://www.razorinfotech.com/,Delhi,011 4503 4631,4.8
Mobiloitte Technologies India Pvt. Ltd.,Corporates,https://www.mobiloitte.com/,Delhi,1800 569 1801,3.9
"4TechBugs Technologies Pvt. Ltd - Software Development Company, Web Designing services in Delhi Ncr",Corporates,http://www.4techbugs.com/,Delhi,099997 98701,4.7
Canticle Technologies Pvt. Ltd. | ERP Software For Security | Software Development | HR And Payroll Software | HRMS Software,Corporates,http://www.canticleindia.com/,Delhi,092127 63762,4.8
Techmapperz,Corporates,https://www.techmapperz.com/,Delhi,096430 02065,4.9
Muniwar Technologies Private Limited,Corporates,https://www.muniwar.com/,Delhi,011 4305 0611,4.4
iTech Mission Private Limited (iTM),Corporates,http://www.itechmission.org/,Delhi,N/A,4.9
Stefront Technologies Private Limited,Corporates,http://www.stefronttech.com/,Delhi,N/A,4.8
Perfectiongeeks Technologies,Corporates,https://www.perfectiongeeks.com/,Delhi,089209 47884,5
LCK Technologies - Website designing development company South Delhi,Corporates,https://lckdigitalmedia.in/,Delhi,098913 37955,5
Krisu Techkul Private Limited,Corporates,https://www.techkul.com/,Delhi,099116 26494,4.6
"RSS INFOTECH PVT.LTD(India Top App Development Company Android, IOS, Website, Game development) )",Corporates,https://www.rssindia.com/,Delhi,099531 34732,4.5
WTS Net India Pvt Ltd -- Best B2B Recharge Software Company,Corporates,https://www.wtsnetindia.com/,Delhi,085100 64006,4.2
"Corewave | Top Mobile App Development Company in Delhi, India",Corporates,https://www.corewave.io/,Delhi,098106 76072,4.9
Esconet Technologies Limited,Corporates,https://www.esc.co.in/,Delhi,011 4228 8700,4.6
Algoworks Technologies Pvt. Ltd.,Corporates,https://www.algoworks.com/,Delhi,0120 413 8727,4.3
DeepSpace9 Technologies,Corporates,https://www.deepspace9.tech/,Delhi,N/A,4.9
Capricot Technologies Private Limited,Corporates,https://arkance.world/in-en/,Delhi,093128 10051,4.5
Vijprat Tech Private Limited,Corporates,https://www.vijprat.com/,Delhi,N/A,4.8
MLM Software Company in Delhi | MLM Software Development Company in Delhi | India - SOFTKWIT,Corporates,https://softkwit.in/mlm-software.php,Delhi,088829 25582,4.9
FusionSoft Technologies,Corporates,https://fusionsofttechnologies.com/,Delhi,098703 73230,5
ManpraX Software LLP,Corporates,http://www.manprax.com/,Delhi,084484 40100,4.4
Techjockey,Corporates,https://www.techjockey.com/,Delhi,011 4221 3003,4
Nethues Technologies (P) Ltd.,Corporates,https://www.nethues.com/,Delhi,011 4756 7701,4.2
"Aliqan Technologies - Web, App & Game Development Company",Corporates,https://www.aliqantechnologies.com/,Delhi,098996 62532,4.2
W2G Solutions - Software Company in Delhi,Corporates,https://w2gsolutions.in/,Delhi,011 4556 2561,4.8
Aquevix Solutions Pvt Ltd.,Corporates,http://www.aquevix.com/,Delhi,011 4560 0412,3.6
OpenSense Labs,Corporates,https://www.opensenselabs.com/,Delhi,088005 91594,4.5
Lodhitech,Corporates,http://www.lodhitech.com/,Delhi,072758 83149,4.9
Silicate Technologies Pvt. Ltd.,Corporates,https://silicate.co.in/,Delhi,099587 46055,3
Newgen Technologies,Corporates,http://www.newgencampus.com/,Delhi,095603 85249,4.8
Linea Digitech,Corporates,http://lineadigitech.net/,Delhi,092115 89469,4.2
B-Square,Corporates,http://www.bsquare.in/,Delhi,098108 89086,4.1
Traversia Technology Pvt Ltd,Corporates,https://traversia.net/,Delhi,081782 85617,4.6
Inspired Technologies Pvt Ltd,Corporates,http://inspiredpos.in/,Delhi,011 4054 6730,4.4
PCC Softech Pvt. Ltd.,Corporates,http://www.pccsoftech.com/,Delhi,011 4706 4605,4
Yoctel Solutions (P) Ltd.,Corporates,https://www.yoctel.com/,Delhi,085888 44790,4.2
PPC Agency In Delhi - GD TECH SOLUTION,Corporates,http://gdtechsolution.com/,Delhi,099970 95695,4.9
Deligence Technologies Pvt. Ltd.,Corporates,https://www.deligence.com/,Delhi,087007 36699,4.3
"Arramton Infotech Pvt Ltd, Software Development, Web Design, Digital Marketing",Corporates,https://www.arramton.com/,Delhi,098211 99979,4.8
Techno Kaksha - Best Computer Institute in Delhi,Corporates,https://www.technokaksha.com/,Delhi,084479 91962,4.9
Wozo Gaming,Corporates,https://www.wozogaming.com/,Delhi,N/A,4.5
Infokey Technology Private Limited,Corporates,https://infokey.in/,Delhi,097186 65000,4.8
Techquench Solution - Best IT Company provide Digital Marketing and Software Solution in Paschim Vihar New Delhi NCR.,Corporates,https://www.techquenchsolution.com/,Delhi,093550 08575,4.9
Wingify,Corporates,https://wingify.com/,Delhi,011 4764 0497,4.3
Unstop,Corporates,https://unstop.com/,Delhi,093117 77388,4
CEOITBOX | Mr. Sanjeev Jain - Best AI Business Automation Coach In India | AI & Tech Implementation Coach,Corporates,http://www.ceoitbox.com/,Delhi,087663 62949,4.8
Sales Training | Soft Skills Training | Corporate Sales Training Programs | Best Sales Training Companies Delhi NCR,Corporates,https://www.dishahconsultants.com/sales-training-in-delhi,Delhi,098846 23854,4.9
Selloverseas,Corporates,https://www.selloverseas.com/,Delhi,N/A,N/A
"Pvtaan, SEO Company in Delhi - Digital Marketing Agency, SEO Agency in Delhi NCR, SEO services in Delhi",Corporates,http://pvtaan.com/,Delhi,094071 85560,4.5
Delhi Technological University,Schools,http://dtu.ac.in/,Delhi,011 2787 1018,4.6
Indian Institute Of Technology Delhi (IIT Delhi),Schools,https://home.iitd.ac.in/,Delhi,011 2659 7135,4.6
Netaji Subhas University of Technology,Schools,http://nsut.ac.in/,Delhi,011 2500 0268,4.4
Bharati Vidyapeeth's College of Engineering,Schools,http://www.bvcoend.ac.in/,Delhi,011 2527 8444,4.1
National Institute of Technology Delhi,Schools,http://www.nitdelhi.ac.in/,Delhi,011 3386 1005,4.3
Indraprastha Institute of Information Technology Delhi,Schools,http://www.iiitd.ac.in/,Delhi,011 2690 7400,4.5
"Netaji Subhas University of Technology, East Campus",Schools,http://www.aiactr.ac.in/,Delhi,011 2121 0161,4.3
Maharaja Agrasen Institute Of Technology(MAIT),Schools,https://www.mait.ac.in/,Delhi,084481 86942,4.1
"Faculty of Engineering and Technology, Jamia Millia Islamia New Delhi",Schools,http://www.jmi.ac.in/,Delhi,011 2698 5831,4.5
Indraprastha Institute Of Technology And Management(IITM Delhi),Schools,http://iitm.net.in/,Delhi,011 2852 0890,4.6
Dr. Akhilesh Das Gupta Institute of Professional Studies,Schools,https://adgips.ac.in/,Delhi,011 4990 5900,4
IITM Janakpuri Delhi | Institute of Innovation in Technology & Management (IITM),Schools,http://www.iitmjp.ac.in/,Delhi,011 2852 0894,4.5
KCC Institute of Technology & Management,Schools,http://kccitm.edu.in/,Delhi,092100 65555,4.6
Bhagwan Parshuram Institute of Technology,Schools,http://www.bpitindia.ac.in/,Delhi,011 2757 2900,4
School of Engineering,Schools,http://soe.jnu.ac.in/,Delhi,011 2673 8734,4.7
ITS Engineering College,Schools,https://www.itsengg.edu.in/,Delhi,1800 180 0840,4.1
Guru Tegh Bahadur Institute of Technology,Schools,http://gtbit.ac.in/,Delhi,011 4559 9900,4
Aryabhatt Institute Of Technology,Schools,https://dseu.ac.in/ashok-vihar/,Delhi,011 2742 6263,4.3
Pacific Institute of Engineering and Management,Schools,http://piem.ae/,Delhi,N/A,4.5
Don Bosco Institute of Technology,Schools,https://donboscoitggsipu.org/,Delhi,096438 68820,4.5
Guru Tegh Bahadur 4th Centenary Engineering College,Schools,http://gtb4cec.org/,Delhi,099110 00782,4.5
Delhi Technical Campus,Schools,http://delhitechnicalcampus.ac.in/,Delhi,092057 52300,4.4
Pit,Schools,https://dseu.ac.in/pusa/index.html,Delhi,011 2584 7822,4.2
HMR Institute of Technology and Management,Schools,https://hmritm.ac.in/,Delhi,081306 43678,4.1
Dronacharya College of Engineering,Schools,https://ggnindia.dronacharya.info/,Delhi,099103 80109,4
DSEU Wazirpur-I Campus & DSEU Okhla-II Campus,Schools,http://dseu.ac.in/,Delhi,011 2700 6129,4.3
Jamia Hamdard University,Schools,https://jamiahamdard.ac.in/,Delhi,011 2605 9688,4.3
"Echelon Institute Of Technology - Top BBA, BCA, B.Tech, M.Tech, MCA, MBA College in Faridabad",Schools,https://www.eitfaridabad.com/,Delhi,099997 53763,4.4
Dronacharya Group of Institutions,Schools,https://gnindia.dronacharya.info/,Delhi,0120 232 2022,4.1
Delhi College of Fire Safety Engineering,Schools,http://www.dcfse.com/,Delhi,011 2834 4240,4.1
"University Institute of Engineering & Technology (UIET MDU) M. D. University, Rohtak",Schools,https://mdu.ac.in/,Delhi,01262 393 291,4.7
Deen Dayal Upadhyaya College,Schools,http://dducollegedu.ac.in/,Delhi,N/A,4.4
Manav Rachna International Institute Of Research And Studies,Schools,https://manavrachna.edu.in/international-institute-of-research-and-studies/,Delhi,0129 425 9000,4.1
"Hindu College, Delhi",Schools,https://hinducollege.ac.in/index.aspx,Delhi,011 2766 7184,4.5
Acharya Narendra Dev College University Of Delhi.,Schools,http://andcollege.du.ac.in/,Delhi,011 2629 4540,4.2
"Deshbandhu College, University of Delhi",Schools,http://www.deshbandhucollege.ac.in/,Delhi,011 2644 9396,4.3
Vivekananda Institute of Professional Studies- Technical Campus (VIPS-TC),Schools,http://vips.edu/,Delhi,093192 99513,4.2
Shaheed Bhagat Singh College,Schools,https://www.sbsc.in/,Delhi,011 2925 7472,4.4
Sri Aurobindo College,Schools,http://www.aurobindo.du.ac.in/,Delhi,011 4053 6164,4.1
SHAHEED SUKHDEV COLLEGE OF BUSINESS STUDIES,Schools,https://sscbs.du.ac.in/,Delhi,011 2170 0284,4.6
University of Delhi,Schools,https://www.du.ac.in/,Delhi,N/A,4.2
VIDYA PARK,Schools,http://vidyapark.in/,Delhi,099588 68514,5
Jamia Millia Islamia,Schools,https://jmi.ac.in/,Delhi,N/A,4.6
Noble Institute Of Management & Engineering Studies,Schools,http://nimesedu.in/,Delhi,097173 80510,5
Bharati Vidyapeeth's Institute of Computer Applications and Management (BVICAM),Schools,http://bvicam.in/,Delhi,011 2527 5055,4.6
Amity University Noida,Schools,https://www.amity.edu/,Delhi,0120 244 5252,4
DELHI POLYTECHNIC COLLEGE,Schools,http://www.delhipolytechniccollege.com/,Delhi,099117 49424,4.6
Delhi School of Management,Schools,http://www.dtu.ac.in/Web/Departments/DSM/about/,Delhi,011 2729 6203,4.6
Alpha Technical College,Schools,http://www.ate.ind.in/,Delhi,095827 88868,4.5
Bharati Vidyapeeth Deemed University,Schools,http://www.bvimr.com/,Delhi,096501 23642,4
Rajdhani College,Schools,https://rajdhanicollege.ac.in/,Delhi,011 2593 0752,4.3
"Kalindi College, University of Delhi",Schools,https://www.kalindicollege.in/,Delhi,N/A,4
IIDE - Best Digital Marketing Courses in Delhi,Schools,https://iide.co/blog/digital-marketing-courses-in-delhi/,Delhi,096258 58615,4.6
DSIM Malviya Nagar - Best Digital Marketing Institute in Delhi with Placements,Schools,https://dsim.in/digital-marketing-course-in-delhi/?utm_source=GMB&utm_medium=Listing&utm_campaign=Organic,Delhi,088829 99818,4.2
NSIM - Digital Marketing Course in Delhi,Schools,https://www.nsim.in/,Delhi,098110 20518,4.4
"NDMIT | Institute for Digital Marketing & Data science Courses in Lajpat nagar, Delhi",Schools,https://ndmit.com/digital-marketing-course-in-delhi/?utm_source=GMB&utm_medium=CPC&utm_campaign=GMB_Traffic,Delhi,081879 79855,4.9
DMDS School of Digital Marketing Pvt.Ltd,Schools,http://ddmschool.in/,Delhi,099531 52169,4.7
Delhi Courses Academy,Schools,https://delhicourses.in/course/digital-marketing-courses-online-offline-india.html,Delhi,099907 16846,4.4
Digital Inventive,Schools,http://digitalinventive.in/,Delhi,078384 74312,4.9
Digital Marketing Course.,Schools,https://www.dmsn.in/,Delhi,093192 84144,4.7
Delhi Digital Marketing School,Schools,http://www.ddmschool.com/,Delhi,070116 36097,4.6
Delhi Institute of Digital Marketing,Schools,https://www.didm.in/,Delhi,093556 78822,4.6
NDIM - New Delhi Institute of Management,Schools,https://www.ndimdelhi.org/,Delhi,011 4011 1000,4.2
Delhi Institute of Digital Marketing,Schools,https://didm.in/,Delhi,083839 37405,4.8
Academy of Retail Excellence,Schools,http://www.aoreindia.com/,Delhi,093126 83206,4.9
Delhi Institute of Digital Marketing,Schools,https://www.didm.in/digital-marketing-course-in-satya-niketan,Delhi,088005 05151,4.4
Digital Marketing Profs,Schools,https://digitalmarketingprofs.in/,Delhi,098105 01504,4.3
DSDM | Delhi School of Digital Marketing,Schools,https://www.dsdm.in/,Delhi,098739 22350,4.6
Delhi Institute of Digital Marketing,Schools,https://www.didm.in/,Delhi,088005 05151,4.3
EMPI Business School,Schools,https://empi.ac.in/,Delhi,088000 10971,4.5
Adzentrix,Schools,https://training.adzentrix.com/?utm_source=GMB&utm_medium=RohiniDelhi,Delhi,070116 40018,4.9
Tritya Institute of Event Management - TIEM DELHI - Best Event Management Institute in Delhi,Schools,http://www.tiemdelhi.com/,Delhi,099909 37354,4.8
Kraftshala,Schools,https://www.kraftshala.com/,Delhi,N/A,4.3
Asia-Pacific Institute of Management,Schools,https://www.asiapacific.edu/,Delhi,1800 11 3334,4.1
FORE School of Management,Schools,https://www.fsm.ac.in/,Delhi,011 4124 2424,4.4
Apeejay School of Management - ASM | Top PGDM College Delhi NCR | Equivalent to MBA,Schools,https://www.apeejay.edu/asm/?utm_source=google&utm_medium=google+business+listing&utm_campaign=organic,Delhi,095602 22999,4.3
Techstack,Schools,https://www.techstack.in/,Delhi,093198 44494,4.7
NDIIT,Schools,https://ndiit.org/,Delhi,098104 79477,4
FOSTIIMA Business School,Schools,http://www.fostiima.org/,Delhi,098918 44585,3.8
International Institute of Financial Markets Ltd,Schools,http://www.iifm.co.in/,Delhi,011 4266 6000,3.9
