Website,Institution Type,Location,Phone,Course,Score,Reasoning
http://www.cloudsoftwaresolution.in/,Corporates,Bangalore,099723 26812,Programming,98,"Cloud Software Solution is an IT services company specializing in web, mobile, and software development, indicating a strong technical and programming focus across all its offerings."
https://vraio.in/,Corporates,Bangalore,,Programming,98,"Vraio Software Solutions is a company whose core business is custom software development, mobile app development, web development, and other IT services, indicating a strong technical focus."
https://jirehsol.com/,Corporates,Bangalore,080 4120 0197,Programming,100,"Jireh is explicitly a 'Software Development Company' offering extensive services in mobile development, customized applications, AI, cloud computing, and blockchain, demonstrating a profound technological and programming core."
https://www.triconinfotech.com/,Corporates,Bangalore,080 2550 3833,Programming,95,"Tricon Infotech is a custom software product developer with a strong focus on technology services, product engineering, AI, and data solutions, indicating a primary need for advanced programming and technical skills."
https://www.techasoft.com/,Corporates,Bangalore,099860 56909,Programming,98,"Techasoft is an IT company specializing in software, web, and mobile application development, with an extensive list of programming languages and technologies, clearly indicating a strong tech focus."
http://erpbangalore.com/,Corporates,Bangalore,097399 66977,Programming,98,"ERP Bangalore is an IT solutions company specializing in developing, implementing, and customizing ERP and CRM software and applications, indicating a strong tech focus and a need for programming skills among its 750+ skilled IT professionals."
https://www.cumulations.com/,Corporates,Bangalore,098458 25982,Programming,98,"Cumulations is a technology-driven company specializing in mobile app development, digital transformation, cloud enablement, and AI/IoT solutions, with services and job openings heavily focused on programming and engineering skills."
http://www.gowrisoftsolutions.com/,Corporates,Bangalore,090368 98958,Programming,98,"Gowri Software Solutions is a software testing and QA company with a strong tech focus, explicitly stating their corporate training is for 'Soft Testing and Automation'."
https://www.sagesoftware.co.in/,Corporates,Bangalore,099626 66339,Sales,95,"Sage Software Solutions is a distributor of ERP and CRM software, with its core business revolving around selling, implementing, and supporting these solutions, and their products include dedicated Sales Management and Lead Management modules."
https://www.excerptech.com/,Corporates,Bangalore,099005 02404,Programming,95,"The company's core services, such as Ecommerce Solutions, Website Design and Development, Cyber Security, and Data Analytics, clearly indicate a strong technological and development-centric focus."
http://www.mindroit.com/,Corporates,Bangalore,078296 52092,Programming,98,"Mindroit Technologies Pvt Ltd is an IT company specializing in software, web, and mobile app development, with all listed job openings focused on various programming and development roles."
http://www.walkinsoftwares.com/,Corporates,Bangalore,073384 30816,Programming,98,"The company explicitly identifies as a team of talented engineers creating digital products and services, with specializations in web, app, cloud, AI, and software development, indicating a strong and pervasive tech focus."
https://www.brillmindz.com/,Corporates,Bangalore,095384 48421,Programming,99,"Brill Mindz is a mobile app, web, and game development company, explicitly stating expertise in various programming languages and technologies, indicating a strong tech focus."
https://sunplussoftware.com/,Corporates,Bangalore,080 4300 3225,Programming,95,"Sunplus Software Technologies is a CMMI Level 5 certified IT services and software development company that specializes in application development, AI/ML solutions, ERP implementation, and digital transformation, indicating a strong technical and programming focus."
https://www.igeekstechnologies.com/,Corporates,Bangalore,095905 44567,Programming,98,"iGeeks Technologies is unequivocally a company with a strong tech focus, offering extensive training and internships in software development, data science, AI, and various engineering disciplines."
http://www.calpion.com/,Corporates,Bangalore,080 6976 5000,Programming,99,"Calpion Software Technologies is fundamentally a technology consulting company focused on providing AI, machine learning, deep learning, RPA, and custom software solutions across multiple industries, evidenced by its services, products, mission, and numerous tech-centric job openings."
https://www.logsafe.in/,Corporates,Bangalore,,Programming,95,"Logsafe explicitly identifies as a 'Software Development Company' and their core product, an HRMS with advanced face recognition and cloud features, demonstrates a strong tech and programming focus."
http://www.wolkensoftware.com/,Corporates,Bangalore,096069 50857,Programming,98,"Wolken Software is an AI-powered B2B SaaS company specializing in enterprise software for ITSM and CSM, with a strong emphasis on low-code platforms, automation, integration, and a leadership team with deep technical expertise."
https://www.castsoftware.com/,Corporates,Bangalore,088844 99667,Programming,98,"CAST Software is a B2B company deeply focused on 'Software Intelligence,' providing tools and services for analyzing, understanding, and improving complex software applications, directly catering to engineers, architects, and developers."
https://manyatechnosys.com/,Corporates,Bangalore,,Sales,95,"The website content heavily features e-commerce functionalities, extensive product categories, customer service, and an explicit call to 'Become a Seller,' indicating a core business driven by sales and marketplace operations."
http://www.greenbots.in/,Corporates,Bangalore,082170 90734,Programming,100,"Greenbots Software is a custom software development company that exclusively offers IT services and technical solutions, requiring a strong and continuous focus on programming expertise for its workforce."
https://numasoft.in/,Corporates,Bangalore,088615 62478,Programming,98,"Numa Soft Technology Services is a web and mobile app development company whose services, technologies, project portfolio, team roles, and certifications all demonstrate a profound programming and technical focus."
https://nexential.co.uk/,Corporates,Bangalore,095008 64111,Programming,95,"Nexential is fundamentally a custom software development company, deeply focused on engineering digital solutions and leveraging advanced technologies like AI, IoT, and machine learning, making programming skills central to their core business and offerings."
https://www.cybrain.co.in/,Corporates,Bangalore,1800 891 3958,Programming,98,"Cybrain is explicitly an 'IT Software Development Company' with extensive offerings in custom software, web, mobile, and fintech development, utilizing a vast array of programming languages and technologies."
https://globussoft.com/,Corporates,Bangalore,0788 408 3007,Programming,95,"Globussoft is a technology company with an explicit AI-first strategy, numerous software products, and a strong focus on software engineering, development, and AI-driven solutions."
https://www.nichi.com/,Corporates,Bangalore,080 2672 0884,Programming,98,"Nichi-In Software is a diversified IT services company with an explicit focus on custom software development, AI/ML solutions, IoT, enterprise applications, and digital transformation, indicating a strong technical core."
https://algonomy.com/,Corporates,Bangalore,080 2299 0585,Programming,95,"Algonomy is an 'Algorithmic Decisioning Platform' provider, heavily focused on AI, ML, and data infrastructure, which indicates a strong technical and programming core for its operations and product development."
https://www.progton.com/,Corporates,Bangalore,097423 26833,Programming,5,"The website's reliance on JavaScript to run its app weakly suggests a need for programming skills related to web development, given the provided content."
https://systechsoftwares.com/,Corporates,Bangalore,093412 25269,Sales,95,"SYSTECH Softwares is a software solutions provider with a strong focus on acquiring and maintaining a large client base, evidenced by dedicated sales teams, explicit sales job postings for promoting and selling software products, and a mission centered on partnering with businesses."
http://www.microgreentech.com/,Corporates,Bangalore,078159 60452,Programming,98,"Microgreen Technologies is a dedicated technology consulting and staffing company whose core services and solutions revolve around IT, application development, managed IT, and testing, demonstrating an exceptionally strong tech focus."
http://www.noesyssoftware.com/,Corporates,Bangalore,080 3501 0646,Programming,98,"The company's core business revolves around developing software products, data analytics, automation, and digital enablement, demonstrating a strong emphasis on technical expertise and programming."
https://www.infosys.com/,Corporates,Bangalore,080 2559 2088,Programming,98,"Infosys is a global leader in IT consulting and digital services, with its core business, partnerships, and client solutions overwhelmingly focused on advanced technology, software development, cloud, AI, and digital transformation."
https://www.campionsoftware.com/,Corporates,Bangalore,,Programming,98,"Campion Software is explicitly a global tech solutions company specializing in custom software development, cloud-native applications, AI services, and various programming-intensive solutions."
http://www.effone.com/,Corporates,Bangalore,080 2332 3298,Programming,98,"EffOne is a global IT consulting and software development company with extensive expertise in various programming languages, platforms, and IT lifecycle services, indicating a strong technical and engineering focus."
http://www.bangaloresoftsell.com/,Corporates,Bangalore,080 4110 4111,Programming,98,"Bangalore Softsell is a software engineering company specializing in bespoke solutions, full-stack development, AI & automation, and legacy modernization, indicating a strong technical and programming core."
http://www.superiorcodelabs.com/,Corporates,Bangalore,096112 01204,Programming,98,"Superior Codelabs is an IT services and technology consulting company with a core business in mobile app development, website design, cloud hosting, and technology consulting, explicitly mentioning various programming languages and developer job roles."
https://www.esi-group.com/company/worldwide/india,Corporates,Bangalore,080 4181 8400,Programming,95,"ESI Group, a part of Keysight Technologies, is a software company that develops advanced engineering simulation and virtual prototyping solutions for high-performance industries, indicating a strong tech focus requiring programming expertise."
http://www.asmltd.com/,Corporates,Bangalore,080669 62302,Programming,98,"ASM Technologies Ltd is a technology and engineering services company specializing in product R&D, digital engineering, and custom software engineering across high-tech industries, indicating a strong need for programming expertise."
https://www.fortunesoftit.com/,Corporates,Bangalore,080 4200 5185,Programming,98,"Fortunesoft is a software product engineering and technology services company with an explicit, pervasive focus on developing and deploying deep tech solutions and leveraging a wide array of programming technologies across all its services and solutions."
https://www.techiesys.in/,Corporates,Bangalore,099000 04541,Programming,98,"Techiesys is fundamentally a software development company that offers web, mobile, and custom software solutions, along with extensive technical training in various programming languages and platforms, demonstrating a strong tech focus."
https://www.meridatechminds.com/,Corporates,Bangalore,089045 99283,Programming,95,"The institution's name, 'Merida Tech Minds,' explicitly indicates a strong focus on technology and innovation, aligning perfectly with programming courses."
http://www.surya-soft.com/,Corporates,Bangalore,080 4225 6000,Programming,98,"Surya Software Systems is a company with a profound technology focus, specializing in software engineering, digital solutions, and product development for the financial sector, as evidenced by their job openings, product descriptions, and core values."
https://www.fusioninformatics.com/,Corporates,Bangalore,,Programming,98,"Fusion Informatics is a digital transformation and app development company specializing in mobile, web, AI/ML, IoT, and data solutions, indicating a core business and workforce heavily focused on programming and related technologies."
https://www.ramsoft.com/,Corporates,Bangalore,,Programming,95,"RamSoft is a global software company that develops AI-powered, cloud-native RIS/PACS radiology software solutions, with its founders and several key executives holding strong computer engineering and software development backgrounds."
https://excelfore.com/,Corporates,Bangalore,095133 00147,Programming,98,"Excelfore is a deep-tech company specializing in software-defined vehicle connectivity, in-vehicle networking, and OTA software updates, requiring a strong focus on advanced programming and engineering skills."
https://www.cognitiveclouds.app/,Corporates,Bangalore,,Programming,100,"CognitiveClouds is a custom software product development company, with its entire business model, services, technologies, and job openings centered around engineering and technical product development."
http://caesarai.com/,Corporates,Bangalore,080166 06661,Sales,98,"CaesarAi explicitly identifies as a 'Sales Driven Influencer Marketing' company, directly aligning with the objectives of a Sales course."
http://www.checkpointsystems.com/,Corporates,Bangalore,080665 95200,Programming,95,"Checkpoint Systems demonstrates a strong tech focus through its development of cutting-edge RFID, RF, and software solutions, employing a significant number of R&D and software engineers, and explicitly stating it owns all stages of software development for its platforms."
https://digitalcorsel.com/,Corporates,Bangalore,080199 97777,Programming,88,"The institution's name ""digitalcorsel.com"" strongly suggests a focus on digital technology, making programming skills highly relevant for their corporate needs."
http://mcrindia.in/,Corporates,Bangalore,099647 40243,Programming,95,"MCRT Software India Pvt Ltd is a solution-providing firm with 'in-house developers' specializing in software customization using Tally Definition Language and creating mobile and web applications, indicating a strong technical and programming focus."
https://www.salesmagnitude.com/,Corporates,Bangalore,083949 97177,Sales,98,"Sales Magnitude is a performance marketing agency whose primary objective, as repeatedly stated throughout their website, is to generate quality leads and increase sales for their clients."
https://rdsdigital.in/,Corporates,Bangalore,063637 38608,Sales,98,"RDS Digital is a holistic digital marketing agency focused on driving business growth, lead generation, and client success for its customers, directly aligning with sales objectives and featuring roles like 'Sales Manager' and 'Business Development Executive'."
https://www.inbounderz.com/,Corporates,Bangalore,081470 02753,Sales,95,"The company's core business as a digital marketing agency is entirely focused on driving client growth, lead generation, conversions, and boosting sales through strategic marketing solutions."
https://innovkraft.com/,Corporates,Bangalore,083104 53193,Sales,95,"Innovkraft Inc. is a digital marketing agency primarily focused on driving brand visibility, generating leads, and increasing sales for their clients, which aligns directly with a sales-driven industry."
https://www.brightads.in/,Corporates,Bangalore,088840 05400,Sales,95,"Bright Ads explicitly positions itself as a 'Digital Marketing and Web Development Company' with a strong emphasis on 'Lead Generation' and 'Performance Marketing,' directly addressing clients' needs to drive sales and business growth."
https://betadigitalmarketing.com/,Corporates,Bangalore,095139 99901,Sales,95,"Beta Digital Marketing is a results-driven digital marketing agency focused on helping businesses grow, generate leads, and achieve measurable sales outcomes for their clients."
https://www.digimarkagency.com/?utm_source=GMB&utm_medium=Organic&utm_campaign=Main,Corporates,Bangalore,088843 30607,Sales,95,"DigiMark Agency's core business revolves around generating leads, conversions, and increasing ROI for clients through digital marketing, making it a sales-driven industry with job roles like Business Development Manager and Customer Success Manager."
https://www.illucus.com/,Corporates,Bangalore,063647 28007,Sales,92,Illucus is a creative marketing agency operating in a sales-driven industry that requires strong client acquisition and relationship management skills to thrive.
https://www.mindomega.com/?utm_source=google&utm_medium=organic&utm_campaign=gbp-organic-link,Corporates,Bangalore,099166 72926,Sales,98,"Mind Omega is a digital marketing agency whose primary business and services, such as lead generation, SEO, social media marketing, and e-commerce, are explicitly focused on increasing sales, conversions, and business growth for their clients."
http://www.digitalimac.com/,Corporates,Bangalore,099013 06103,Sales,98,"Digital iMac is a results-driven digital marketing agency explicitly focused on generating leads, increasing sales, and boosting revenue for its clients, making a Sales course highly relevant to their core business and client outcomes."
https://www.welixdigital.com/,Corporates,Bangalore,070901 70524,Sales,98,"Welix Digital is a digital marketing agency whose core mission is to transform businesses into 'sales-generating machines' by providing services explicitly aimed at lead generation, conversions, and boosting sales for their clients."
http://www.mathewdigital.com/,Corporates,Bangalore,090198 88640,Sales,98,"Mathew Digital is a performance-based digital marketing agency that explicitly focuses on generating leads, conversions, and measurable ROI for clients, directly aligning with sales-driven objectives."
https://www.regortz.com/,Corporates,Bangalore,096635 14043,Sales,98,"Regortz is a digital marketing company whose core mission and services are explicitly centered on helping businesses generate leads, increase sales, boost conversions, and maximize ROI for their clients."
https://www.akoi.in/,Corporates,Bangalore,,Sales,95,"AKOI is explicitly a 'Digital & E-Commerce Marketing Company' whose primary mission is to generate 'Revenue Generated for Clients' and improve their 'bottom line' through various marketing services, placing them firmly within a sales-driven industry."
https://www.hirolainfotech.com/,Corporates,Bangalore,099161 13646,Programming,15,"While the website content was inaccessible, the company name 'hirolainfotech.com' suggests a focus on information technology, leading to a low-confidence recommendation for Programming."
https://www.digitalindiaadd.com/,Corporates,Bangalore,063608 07351,Sales,95,"The company's core business as a digital marketing agency is inherently focused on generating leads, optimizing conversions, and ultimately increasing sales for its clients, making sales expertise crucial for both service delivery and client acquisition."
https://www.digion.in/,Corporates,Bangalore,096206 52556,Sales,95,"DigiOn Solutions is a digital marketing and AI automation agency explicitly focused on B2B marketing, lead generation, conversion, and driving sales for its clients, making sales expertise central to their business and the value they provide."
https://www.gsearchinc.com/digital-marketing-company-in-bangalore/,Corporates,Bangalore,099023 62006,Sales,98,"The company is a digital marketing agency whose services and training are explicitly aimed at generating leads, boosting conversions, and increasing sales for businesses, making a 'Sales' course highly relevant."
https://haaps.in/,Corporates,Bangalore,096201 75156,Sales,95,"HAAPS is a digital marketing agency whose success hinges on acquiring new clients and helping existing ones boost their conversions, leads, and sales, making robust sales skills critical for their own growth."
https://kingsmarketing.co/,Corporates,Bangalore,081236 32363,Sales,95,"The company's name, 'King's Marketing', clearly indicates a focus on marketing, a field intrinsically linked to sales within a sales-driven industry."
http://www.watermarkexperience.com/,Corporates,Bangalore,099806 33727,Sales,95,"The company explicitly highlights 'Client Acquisition, Client Servicing, Relationship Management,' and leveraging technology to enhance customer experience and build relationships, indicating a strong sales-driven and customer-centric business model."
https://aimglobal.digital/,Corporates,Bangalore,087923 81091,Sales,95,"AimGlobal Digital is a digital marketing agency whose entire mission and service offerings, including SEO, SMM, campaign management, and CRM integration, are directly aimed at driving sales, lead generation, and maximizing ROI for their diverse clientele."
https://monaqo.in/,Corporates,Bangalore,079965 85956,Programming,92,"Monaqo, while a growth marketing agency, prominently functions as a 'full-stack web development company' that details extensive technical capabilities, listing numerous programming languages, frameworks (e.g., React, Node.js, Laravel, Go), and architectural patterns, indicating a strong tech focus."
https://digitalspider.in/,Corporates,Bangalore,078922 99043,Sales,98,"Digital Spider is a Digital Marketing Agency whose primary focus, as stated across all pages, is to generate leads, enhance online presence, boost profits, and increase sales for its clients through various marketing and web development services."
https://brandmarkety.com/,Corporates,Bangalore,090351 04184,Sales,95,"Brand Markety is a digital marketing agency whose core mission is to help businesses grow by turning clicks into conversions and maximizing ROI, which are fundamental objectives of sales and business development."
https://bangaloredigitalmarketing.com/,Corporates,Bangalore,080955 38194,Sales,98,"The institution is a digital marketing agency and training center, with its entire curriculum focused on strategies like SEO, SEM, SMM, and lead generation, all of which directly support business growth and revenue, making a 'Sales' course highly relevant."
https://www.nettrixmarketing.com/,Corporates,Bangalore,079052 50336,Sales,98,"Nettrix Marketing explicitly specializes in providing comprehensive marketing and sales strategies for real estate developers, with a strong focus on accelerating sales, maximizing revenue, and converting leads."
https://www.zinavo.com/,Corporates,Bangalore,080 3569 4395,Programming,98,"Zinavo is a web design and software development company with a strong tech focus, offering extensive services in web, mobile, and custom application development using a wide array of programming languages and frameworks."
https://www.zamstars.com/,Corporates,Bangalore,097414 71391,Sales,90,"Zamstars is a 'business first, creative enabled, outcome focused consulting firm' that explicitly offers 'Sales Enablement,' measures success by 'converting leads to new business' and 'generated through sales solutions,' and operates in a sales-driven industry."
https://nxuniq.com/,Corporates,Bangalore,089049 09955,Sales,98,"The company is a digital marketing agency whose primary services revolve around branding, SEO, social media, content, and performance marketing, all of which are sales-driven activities focused on client acquisition and growth."
http://www.marconix.in/,Corporates,Bangalore,093413 72105,Sales,100,"Marconix Sales Solutions is explicitly a 'premier sales outsourcing company' with services entirely focused on sales, marketing, and revenue generation across various industries, making a Sales course highly relevant to their core business and client needs."
https://mathewdigital.com/,Corporates,Bangalore,090198 88640,Sales,98,"Mathew Digital is a performance-based digital marketing agency explicitly focused on creating 'online sales generating machines,' driving 'ROI-driven performance marketing,' and converting 'leads into customers,' making a Sales course highly relevant to their core business and value proposition."
http://brandelite.in/,Corporates,Bangalore,086607 38354,Sales,95,"Brand Elite is a digital marketing and web development agency whose core business involves selling their services to clients and helping those clients achieve sales-related outcomes, further supported by explicit 'Sales Executive & Manager' roles on their careers page."
https://www.channelsoftech.com/,Corporates,Bangalore,098456 62183,Sales,98,"Channel Softech is a digital marketing and branding company focused on driving client growth and lead generation, placing it firmly in a sales-driven industry that would benefit from sales expertise."
https://www.grocat.in/,Corporates,Bangalore,087925 59215,Sales,95,"GroCat Digital is a digital marketing agency whose core mission is to drive client business growth, generate leads, and boost sales, making strong sales capabilities essential for both its own operations and its clients' success."
https://bangalore.digibrood.in/,Corporates,Bangalore,087775 71887,Sales,95,"DigiBrood is a digital marketing company primarily focused on lead generation, boosting sales, and customer acquisition for their clients, making a Sales course highly relevant to their core business outcomes and client objectives."
http://www.nexovate.in/,Corporates,Bangalore,070224 48811,Programming,5,"The website displays only default WordPress content, offering no specific information about the corporate's industry or focus; however, the mention of 'WordPress' and 'Themes' provides a minimal, general technical indicator."
https://betadigitalmarketing.com/,Corporates,Bangalore,095139 99901,Sales,95,"Beta Digital Marketing is a results-driven agency focused on helping businesses grow by generating leads and improving ROI, which places them firmly in a sales-driven industry where mastering client acquisition and conversion is paramount."
https://mathewdigital.com/,Corporates,Bangalore,090198 88640,Sales,98,"Mathew Digital is an ROI-driven digital marketing agency explicitly focused on creating 'online sales generating machines' and converting leads into customers for diverse businesses, making Sales highly relevant to their core mission and services."
https://quickzee.in/,Corporates,Bangalore,090668 05661,Sales,95,"Quickzee Media is a digital marketing company focused on helping clients drive business, generate leads, increase sales, and improve ROI, making it a sales-driven industry where 'Sales' skills are paramount."
https://upfrontmarketings.com/,Corporates,Bangalore,081473 07323,Sales,95,"Up Front Marketings is a digital marketing agency with a primary focus on 'Sales Growth' and 'boosting leads and sales' for its clients, indicating a strong alignment with sales-driven objectives."
http://www.sparklesnetwork.com/,Corporates,Bangalore,096639 84711,Sales,95,"Sparkles Network is an advertising and marketing agency explicitly offering a 'Sales Force' service and consistently emphasizing client ROI, customer acquisition, and driving product sales through their strategic campaigns."
https://www.best-digital-marketer.com/,Corporates,Bangalore,089042 92528,Sales,98,"The company is a Digital Marketing Agency explicitly focused on 'generating genuine leads for your Business,' 'driving sales with customer loyalty,' and 'boosting their leads or sales online' for its clients."
https://mindandmagik.com/,Corporates,Bangalore,096634 65465,Sales,95,"Mind & Magik is a digital marketing agency explicitly focused on driving strategy, growth, revenue, leads, and conversions for their clients, making them a company in a sales-driven industry."
https://www.digiworq.com/,Corporates,Bangalore,096114 89001,Programming,98,"As a 'webdesign company', Digiworq's core business relies heavily on technical and programming skills for creating and maintaining websites."
https://mobilise.agency/,Corporates,Bangalore,073497 49404,Sales,98,"Mobilise is a B2B Growth Marketing and Sales Enablement agency, with its core services and leadership explicitly focused on empowering sales teams, driving revenue, and implementing marketing and sales programs for predictable business growth."
http://www.digiinfiniti.com/,Corporates,Bangalore,098864 54545,Sales,98,"Digi Infiniti is a digital marketing agency focused on driving business growth, lead generation, conversions, and explicitly employs Sales Managers and Sales Support staff, indicating a strong sales-driven industry and internal focus."
https://skyaltum.com/,Corporates,Bangalore,084314 97165,Sales,95,"Skyaltum is a digital marketing company whose core services are designed to increase lead generation, customer engagement, and ultimately sales for their clients, placing them squarely within a sales-driven industry."
https://www.percoyo.com/,Corporates,Bangalore,076767 22000,Sales,95,"Percoyo is a digital marketing and digital transformation agency focused on generating leads, conversions, and ROI for its clients, explicitly listing a 'Sales' contact number and emphasizing market dominance and revenue growth."
https://7ddesign.in/,Corporates,Bangalore,096329 97879,Sales,95,"As a marketing agency, the company operates in a sales-driven industry where effective sales strategies are critical for both acquiring clients and helping clients achieve their own sales goals."
https://www.webenza.com/,Corporates,Bangalore,080 2521 0083,Sales,95,"Webenza is an 'AI-Driven Digital Marketing Agency' whose core business is brand management, B2B marketing, and performance marketing, directly aimed at driving sales and business growth for their clients."
http://www.dsce.edu.in/,Schools,Bangalore,080 4216 1751,Programming,98,"Dayananda Sagar College of Engineering is a highly-ranked engineering institution offering a wide range of undergraduate and postgraduate programs in computer science, AI, robotics, and other technical fields, indicating a strong tech focus."
https://www.bigcity.in/,Corporates,Bangalore,080 4055 4800,Sales,95,"BigCity is a 'promotech' company that leverages technology to drive loyalty and promotional campaigns, with explicit services like 'Sales recognition programs' and 'Sales incentive programs' aimed at achieving '30% avg sales uplift' for its clients, firmly placing it in a sales-driven industry."
http://www.atria.edu/,Schools,Bangalore,080 2363 1298,Programming,98,"Atria Institute of Technology is an engineering college with a strong tech focus, offering numerous undergraduate and postgraduate programs in computer science, engineering, and artificial intelligence, and explicitly promoting cutting-edge technologies and innovation."
http://www.jssateb.ac.in/,Schools,Bangalore,080 2861 2565,Programming,98,"JSSATEB is an engineering college with a primary focus on technical education, offering numerous undergraduate and postgraduate programs in Computer Science, Information Science, Electronics, and other engineering disciplines that require strong programming skills."
https://drait.edu.in/,Schools,Bangalore,,Programming,98,"Dr. Ambedkar Institute of Technology is a highly-ranked engineering college with a strong focus on technical programs, computer science, AI/ML, and actively recruits for tech-centric companies like TCS, Infosys, and Wipro."
https://www.gopalancolleges.com/gcem/,Schools,Bangalore,080 4222 9748,Programming,98,"The Gopalan School of Architecture and Planning repeatedly emphasizes 'cutting-edge software' and 'technological integration' for design and construction project management within the 'IT hub' of Bangalore, aligning perfectly with a strong tech focus."
http://www.acsce.edu.in/,Schools,Bangalore,080 2974 8222,Programming,98,"ACS College of Engineering is an institution with a strong tech focus, offering numerous undergraduate and postgraduate programs in Computer Science, Artificial Intelligence, Machine Learning, and other engineering disciplines, and attracting tech-oriented recruiters."
http://www.rrit.ac.in/,Schools,Bangalore,088800 01111,Programming,100,"The R.R. Institute of Technology is an engineering college with numerous departments and courses focused on Computer Science, Artificial Intelligence, Machine Learning, and various other technical and engineering disciplines."
http://www.brindavancollege.com/,Schools,Bangalore,096064 87201,Programming,95,"The institution prominently features 'Brindavan College of Engineering' and 'Brindavan College of Polytechnic' and offers various technical programs, indicating a strong engineering and tech focus."
http://www.sapthagiri.edu.in/,Schools,Bangalore,,Programming,98,"Sapthagiri College of Engineering is an engineering institution with a clear focus on various technical and engineering disciplines, research, and producing skilled engineers."
https://webzplot.com/,Corporates,Bangalore,099723 18316,Programming,95,"WebzPlot identifies as an 'E-Commerce & Shopify Expert Agency' that 'builds the tech' with a focus on 'Shopify Development Service', 'App Development', and 'building systems that think, automate, and adapt' using AI, indicating a strong technical and programming core."
http://www.apsce.ac.in/,Schools,Bangalore,080 2843 2108,Programming,98,"APS College of Engineering is an engineering institution with a strong focus on Computer Science, AI/ML, Cyber Security, and various other technical fields, explicitly aiming to develop 'competent technocrats' and 'next-level engineers'."
https://www.skit.org.in/index.html,Schools,Bangalore,096060 91262,Programming,98,"The institution is an engineering college with a vision to produce competent engineers, offering various technology and engineering-focused programs like Computer Science, AI/ML, and Electronics, with placements primarily in IT and core engineering companies."
http://www.msec.ac.in/,Schools,Bangalore,093433 99909,Programming,100,"M. S. Engineering College is an engineering institution with a strong emphasis on technical disciplines like Computer Science, AI & Machine Learning, and Information Science, making Programming highly relevant to their core offerings."
https://vemanait.edu.in/,Schools,Bangalore,095354 44571,Programming,98,"Vemana Institute of Technology is an engineering college with a strong and exclusive focus on technical education, research, and placements in various programming and engineering disciplines, including Computer Science, AI, and Data Science."
https://www.mvjce.edu.in/,Schools,Bangalore,080 4299 1003,Programming,100,"MVJ College of Engineering is a highly specialized engineering institution with numerous undergraduate, postgraduate, and Ph.D. programs across Computer Science, Electrical, Electronics, Mechanical, and Civil Engineering, coupled with research centers focused on advanced technical areas like AI, ML, IoT, Robotics, and LabVIEW programming."
http://www.bce.org.in/,Schools,Bangalore,092435 05666,Programming,100,"Bahubali College of Engineering is an engineering college with a strong tech focus, offering degrees in Computer Science and Engineering, Information Science and Engineering, and Artificial Intelligence and Machine Learning, explicitly aligning with a need for programming skills."
http://www.nadgirinstitute.com/,Schools,Bangalore,088670 71103,Programming,98,"The institution is an Engineering and Polytechnic college with a strong focus on technical education, offering various courses including Computer Science & Engineering and Information Science."
http://www.gopalancolleges.com/gsap/,Schools,Bangalore,087927 47575,Programming,95,"Gopalan School of Architecture and Planning heavily emphasizes 'cutting-edge software and technological integration' for design and construction project management, indicating a strong need for digital and technical skills."
http://www.ewsa.edu.in/,Schools,Bangalore,093417 81949,Programming,90,"The East West School of Architecture is part of a larger group that includes engineering and technology colleges, and EWSA itself has a 'Voice IT' initiative, indicating a strong institutional focus on technology."
https://pdacek.ac.in/,Schools,Bangalore,084722 24360,Programming,99,"The institution is a College of Engineering with a clear vision for technical education and research, offering numerous undergraduate, postgraduate, and doctoral programs in computer science, information science, and artificial intelligence, indicating a strong tech focus."
https://www.alliance.edu.in/school/school-of-engineering-and-design,Schools,Bangalore,080 4619 9000,Programming,95,"Alliance University exhibits a very strong tech focus with dedicated schools for Advanced Computing and Applied Engineering, numerous tech-centric Centres of Excellence (e.g., IoT, Robotics, Cyber Security, AI), and corporate engagements centered on modern IT technologies and certifications."
https://shrideviengineering.org/,Schools,Bangalore,0816 221 2629,Programming,95,"The institution is explicitly named an 'Institute of Engineering and Technology' with a primary aim to impart 'quality Technical Education' across numerous engineering and technology departments, including AI, Computer Science, and Cyber Security."
https://www.iimb.ac.in/,Schools,Bangalore,080 2699 3000,Sales,95,"IIM Bangalore is a leading graduate school of management, offering numerous MBA and business-focused programs, with areas like Marketing and Entrepreneurship, making a Sales course highly relevant to its core mission and student profiles."
http://sibmbengaluru.edu.in/,Schools,Bangalore,080671 39573,Sales,95,"SIBM Bengaluru is a business management institute focused on producing business leaders, and its MBA programs, including Business Analytics, explicitly prepare students for roles in sales, marketing, and market research."
https://jagsom.edu.in/?utm_source=Google&utm_medium=organic&utm_campaign=gmb,Schools,Bangalore,081479 73132,Sales,95,"JAGSoM is explicitly a business school offering a wide range of management programs, including a strong focus on Marketing, which prepares students for roles requiring sales and client engagement skills."
http://www.xime.org/,Schools,Bangalore,080 2852 8477,Sales,95,"XIME is a management institute (business school) focused on developing leaders and entrepreneurs with specializations like Marketing, making sales skills highly relevant for its graduates."
http://www.xlri.ac.in/,Schools,Delhi,0657 665 3333,Sales,95,The institution's stated mission of 'Nurturing Responsible Leaders' strongly aligns with the objectives of a business school and the development of skills relevant to sales and management.
http://www.isbm.ac.in/,Schools,Delhi,077570 29571,Sales,95,"The ISB&M School of Media & Communication explicitly focuses on preparing students for careers in Communication, Advertising, Public Relations, and Marketing Communication, which are all inherently sales-driven fields requiring strong persuasive and client-facing skills."
https://www.hopkinscollege.com/,Schools,Bangalore,095910 69611,Sales,98,"St. Hopkins is explicitly a 'School of Business' with a strong emphasis on MBA programs, entrepreneurship, and features a dedicated, detailed section on 'How We Teach Sales' through practical workshops."
http://www.sjim.edu.in/?utm_source=GMBListing&utm_medium=organic,Schools,Bangalore,080 2559 7781,Sales,95,"St. Joseph's Institute of Management is clearly a business school offering PGDM and MBA-equivalent programs, with a curriculum that includes dedicated Sales and Marketing courses and a 'Marketing Club' explicitly focusing on 'Sales Meets Marketing' conclaves."
https://www.slnsoftwares.com/,Corporates,Delhi,093158 98126,Programming,98,"SLN Softwares is a software development company whose core business, services, products, and team expertise are exclusively focused on building and maintaining software, web applications, and digital solutions, indicating a strong technical and programming foundation."
https://www.acharya.ac.in/,Schools,Bangalore,074066 44449,Programming,92,"Acharya Institutes demonstrate a strong tech focus with an Institute of Technology, numerous specialized programs in Computer Science, AI, Data Science, and extensive collaborations with major tech companies like IBM, Siemens, Red Hat, and Capgemini."
https://www.nexgi.com/,Corporates,Delhi,,Programming,95,"NexGen Innovators is explicitly a 'human-centered tech company' that primarily offers design, development, marketing, and security IT services, with numerous developer roles listed in their careers section."
https://weboconnect.com/,Corporates,Delhi,084471 41991,Programming,98,"WebOConnect is a software development company that explicitly offers services like web, mobile, and SaaS development, showcases expertise in numerous programming languages and frameworks, and publishes technical articles on topics such as AI, serverless architecture, and tech stacks."
http://www.isme.in/,Schools,Bangalore,088806 12345,Sales,92,"ISME is primarily identified as a 'leading Business School' with an MBA-equivalent PGDM program featuring 'Marketing' and 'Professional Selling' specializations, indicating a strong focus on sales-driven business careers."
http://www.canticleindia.com/,Corporates,Delhi,092127 63762,Programming,98,"Canticle Technologies is a software development company that builds ERP, custom software, and mobile applications, showcasing a strong technology focus in its core business operations and services."
https://www.asfera.in/,Corporates,Delhi,090666 77770,Programming,95,"Asfera Technologies is primarily a Software Development Company specializing in Computer and Telephony Integration (CTI) solutions, with a stated mission to contribute through software development and expertise in major programming languages like Java and .NET."
https://www.tenwavehealthcare.com/,Corporates,Delhi,070116 57478,Programming,95,"Tenwave is an 'Infotech Executive Team - Healthcare IT Company' that develops complex software solutions using advanced technologies like AI, IOMT, and Blockchain, indicating a strong tech focus."
https://www.aziels.com/,Corporates,Delhi,084479 68167,Sales,95,"Aziels Technologies, despite its tech focus, exhibits a strong sales-driven business model for client acquisition and growth, as evidenced by active hiring for BDM/BDE roles, a dedicated Business Head, and the CEO's involvement in Business Development to sell their IT products and solutions B2B."
https://www.techasoft.com/,Corporates,Delhi,099860 56909,Programming,98,"Techasoft is an IT company with an explicit focus on providing holistic IT solutions, including extensive software, web, and mobile application development, backed by a wide array of programming technologies and dedicated developer roles."
https://www.hrsoftwaresolution.com/,Corporates,Delhi,093119 03191,Programming,98,"H.R. Software Solutions is a CMMI Level 3 certified 'Software Development Company' offering extensive services in software, web, and mobile app development, utilizing a broad array of programming technologies and aiming to strengthen knowledge in IT fields."
http://www.manprax.com/,Corporates,Delhi,084484 40100,Programming,98,"Manprax Software LLP is a technology-driven company specializing in outsourced product development, AI-powered EdTech solutions, Microsoft development, and technology consulting, indicating a profound need for programming expertise."
https://rpdsoftware.com/,Corporates,Delhi,080907 06048,Sales,95,"The company identifies primarily as a 'Digital Marketing Agency' that leverages technology to help clients achieve business objectives, drive growth, boost brand visibility, and increase revenue, which are all core sales and marketing outcomes."
https://www.opensenselabs.com/,Corporates,Delhi,088005 91594,Programming,100,"OpenSense Labs is a technology partner specializing in cloud engineering, product engineering, and various software development services like Drupal and JavaScript, indicating a strong technical and programming core."
http://www.aquevix.com/,Corporates,Delhi,011 4560 0412,Programming,98,"Aquevix is a dedicated software development company that explicitly states its focus on building mobile, web, and cloud applications, uses an extensive array of programming technologies, and seeks to hire individuals looking to 'take their programming to the next level.'"
http://www.binarysoft.com/,Corporates,Delhi,099997 06000,Programming,98,"Binarysoft Technologies is a 360-degree technology solution provider specializing in customized software development, web development, mobile app development, and IT consulting, indicating a strong tech and programming focus."
https://www.almondz.com/software-development.php,Corporates,Delhi,088824 72824,Sales,95,"Almondz Group's core business focuses on financial services, investment banking, wealth management, and strategic advisory, which are inherently sales and relationship-driven, further supported by explicit job postings for 'Relationship Managers - Sales'."
https://www.wtsnetindia.com/,Corporates,Delhi,085100 64006,Programming,95,"The company, Webtech Solution.Net, is primarily a website and software development firm with services, products, and core job roles overwhelmingly centered on programming, API integration, and various forms of software engineering."
https://www.perfectiongeeks.com/,Corporates,Delhi,089209 47884,Programming,98,"PerfectionGeeks is a software development agency specializing in custom software, mobile, web, and blockchain development, employing a wide array of programming languages and technologies, indicating a profound need for programming expertise."
https://w2gsolutions.in/,Corporates,Delhi,011 4556 2561,Programming,98,"The company clearly identifies as a 'Software Development Company' with a strong emphasis on programming languages, IT consulting, and bespoke software solutions, indicating a core tech focus."
https://www.codeyiizen.com/,Corporates,Delhi,092669 13291,Programming,98,"Codeyiizen explicitly identifies as a web development and app development company, with services heavily focused on various programming languages and technologies, indicating a very strong tech-driven core business."
https://www.arramton.com/,Corporates,Delhi,098211 99979,Programming,98,"Arramton Infotech explicitly identifies as a web, app, and software development company, with its core services, history, and leadership demonstrating a clear and strong focus on technology and digital solutions."
https://bloatware.in/,Corporates,Delhi,089207 50797,Programming,98,"Bloatware IT Solutions Pvt Ltd is explicitly a 'Software Solutions Company' with a strong focus on software, web, and app development, employing various programming languages and technical staff like developers."
http://www.mindscansoftware.com/,Corporates,Delhi,098101 13797,Sales,95,"Mindscan Software Solutions, a B2B software and web development firm, explicitly details a Business Development role focused on client acquisition, pitching, negotiation, and closing commercial agreements, indicating a critical need for enhanced sales capabilities to grow their technical services."
https://asthatechnologies.org/mobile-app-development-company-delhi/,Corporates,Delhi,,Programming,95,"Astha Technologies identifies as a 'Mobile app development & Digital Marketing Agency' with a strong emphasis on app and web development, listing numerous programming languages and frameworks, and aiming to become a 'leading tech giant' through 'innovative app development and scalable software solutions'."
http://www.4techbugs.com/,Corporates,Delhi,099997 98701,Programming,98,"The institution, 4Techbugs Technologies Pvt. Ltd., explicitly identifies itself as a 'Software Development Web Design Company' with services predominantly focused on software product development, app development, web development, and various IT solutions, indicating a strong tech focus."
http://www.bsquare.in/,Corporates,Delhi,098108 89086,Programming,98,"B-Square is explicitly a software development company offering a wide array of IT solutions including mobile app development, web development, and business intelligence tools, demonstrating a strong technical core."
https://www.twistfuture.com/,Corporates,Delhi,011 4132 8844,Programming,98,"Twistfuture is a mobile app and game development company with a core business focused on providing end-to-end enterprise technology solutions and IT services, indicating a strong tech and programming foundation."
https://www.synopsys.com/,Corporates,Delhi,011 4923 3903,Programming,98,"Synopsys is a leading provider of Electronic Design Automation (EDA) tools and Semiconductor IP, indicating a strong tech and engineering focus that heavily relies on advanced programming skills for product development and innovation."
http://www.cloudespacio.com/,Corporates,Delhi,099585 84825,Sales,95,"Cloudespacio is a Salesforce consulting firm whose core services and products, including Sales Cloud and Revenue Cloud, are explicitly designed to help businesses streamline operations, enhance customer experiences, and drive sales growth for their clients."
https://www.bestwebs.in/,Corporates,Delhi,,Programming,98,"BestWebs is a digital solutions company with a strong tech focus, offering services in web development, mobile app development, AI/ML solutions, and CRM/ERP system building, which are all programming-intensive areas."
https://unstop.com/,Corporates,Delhi,093117 77388,Programming,95,"The platform explicitly mentions ""Hackathons"" as a core offering, strongly indicating a focus on technical skills and programming for the corporates and students it serves."
https://www.webservicedelhi.com/,Corporates,Delhi,099113 07448,Programming,95,"Web Service Delhi is a software development company offering a wide array of web services, mobile app development, and custom software solutions, demonstrating a strong technical focus through its services, technologies, and hiring needs."
https://www.micromind.in/,Corporates,Delhi,098183 53030,Programming,95,"Micro Mind explicitly identifies as a 'professional Software Development Company' and 'IT & Digital Marketing Agency,' offering extensive services in web development, mobile apps, custom software, and hosting, all of which require a strong programming and tech focus."
https://www.deepspace9.tech/,Corporates,Delhi,,Programming,98,"DeepSpace9 Technologies is a software development company that specializes in web & app development, UI/UX design, advanced SEO, and data visualization, explicitly detailing a strong technical stack and core services focused on programming and digital solutions."
https://www.emvsoftwares.com/,Corporates,Delhi,092123 45320,Programming,98,"EMV Softwares Pvt. Ltd. is explicitly a software development company whose core business, services, products, and expertise are entirely centered around programming and advanced technologies."
https://www.corewave.io/,Corporates,Delhi,098106 76072,Programming,98,"Corewave is a software, mobile, and web application development company with a strong focus on programming, AI/ML, cloud technologies, and delivering custom technical solutions to its clients."
https://www.wozogaming.com/,Corporates,Delhi,,Programming,98,"Wozo Gaming is a B2B provider focused on casino game design and development, explicitly detailing services like 2D/3D art, Remote Gaming Servers, Game Maths, and a development process that heavily relies on programming languages and technical specialists."
https://www.itesolution.co.in/,Corporates,Delhi,098892 94124,Programming,98,"ITeSolution is an IT solutions provider with a strong focus on software development, ERP implementation, software testing, and mobile application development, clearly indicating a deep technical and programming core."
https://www.csiespl.com/,Corporates,Delhi,099995 52138,Programming,98,"CSIESPL is an exclusive channel partner for highly acclaimed Structural and Earthquake Engineering software packages, providing technical support and training focused on the usage and application of these sophisticated engineering tools, indicating a strong tech focus."
https://minditsystems.com/,Corporates,Delhi,092058 56556,Programming,98,"Mind IT Systems is a software development and IT solutions company that specializes in custom application development, product engineering, and leveraging a wide array of programming technologies across various industries."
http://platinasoft.com/,Corporates,Delhi,011 4674 7700,Programming,95,"Platina Software is an AI and Machine Learning driven software company, evidenced by its product suite and the extensive computer science and engineering backgrounds of its founders and key advisors from top tech companies."
https://www.eitbiz.com/,Corporates,Delhi,070420 64408,Programming,98,"EitBiz is a dedicated software, web, and mobile app development company with an overwhelming focus on programming languages, frameworks, and digital product creation across its services, technologies, and portfolio."
http://www.vnv.in/,Corporates,Delhi,011 4183 4899,Programming,98,"VNV Software Pvt. Ltd. is a software development company focused on building ERP, payroll, medical, and custom software using a wide array of programming languages and platforms, demonstrating a clear and strong technological core."
https://indussoft.in/,Corporates,Delhi,098108 00740,Programming,98,"Indus Software Solutions is an IT company specializing in software solutions, including ERP and full-stack web development, demonstrating a strong technological and programming core."
https://mydigitalhp.com/,Corporates,Delhi,070078 23374,Programming,98,"MyDigitalHP is an IT company specializing in software, web, and mobile app development, cybersecurity, and IT consulting, indicating a very strong tech and programming focus."
https://www.appsplusweb.com/,Corporates,Delhi,098997 78847,Programming,98,"AppsPlusWeb is primarily a mobile and web application development company with a strong focus on advanced technologies like AI, ML, and various programming frameworks, making a Programming course highly relevant to their core business and employee skill sets."
http://www.pccsoftech.com/,Corporates,Delhi,011 4706 4605,Programming,95,"PCC Softech is a technology solutions company that primarily offers software, web, and mobile application development services, explicitly listing numerous programming languages and tools used in their projects."
https://www.sysbud.com/,Corporates,Delhi,088605 19860,Programming,98,"SysBud is a software development company focused on creating data recovery, email migration, and cloud backup solutions, emphasizing their team of 'Software experts' and 'Modern Technology' in their product offerings."
https://marketingagencyindiaa.com/,Corporates,Delhi,076785 41983,Sales,95,"The institution is a marketing agency explicitly focused on SEO and online strategies, which are core functions in driving lead generation and ultimately sales for businesses."
https://www.simpli.group/,Corporates,Delhi,096505 90202,Programming,95,"Simpli Group is an 'HR Tech platform' that built an 'indigenous HRMS Tool' through its 'Tech. Vertical,' demonstrating a core business focus on software development and innovative technology."
https://easysolutions360.com/,Corporates,Delhi,083688 79567,Programming,100,"Easy Solutions 360 identifies as a team of passionate developers and tech enthusiasts, offering comprehensive web and mobile app development services, with their entire business focused on leveraging programming languages and digital technologies."
https://www.bharatsoftware.com/,Corporates,Delhi,098211 33250,Programming,95,"Bharat Software is an IT firm focused on developing, customizing, and maintaining a wide range of logistics and transport management software solutions, employing a large team of developers and actively recruiting for programming roles."
http://axissoftwaresolutions.com/,Corporates,Delhi,078386 26861,Programming,95,"Axis Software Solutions is a digital agency specializing in web software development, custom solutions, and IT services, with a team comprising full-stack developers and an AI data scientist, indicating a strong internal need for programming and technical skills."
https://optmumdigitalmarketing.com/delhi/,Corporates,Delhi,080873 12207,Sales,95,"Optmum Digital Marketing is a digital marketing agency whose primary function is to generate leads, drive conversions, and increase ROI for its clients, fundamentally operating within a sales-driven industry, and they are actively hiring sales executives."
https://delhidigital.co/,Corporates,Delhi,092051 10208,Sales,95,"As a leading digital marketing agency, Delhi Digital Co's services directly support client sales and lead generation through online strategies, making sales-focused training highly relevant to their core business."
https://www.reddashmedia.com/,Corporates,Delhi,098107 46506,Sales,98,"Red Dash Media is a digital marketing agency focused on helping clients generate leads, build brands, and drive sales, making them a company in a sales-driven industry where understanding sales processes is critical for their own growth and their clients' success."
http://webeesocial.com/,Corporates,Delhi,,Sales,95,"WebeeSocial is a full-scale digital marketing agency explicitly focused on performance-driven campaigns, generating ROAS, lead generation, and client servicing, all of which are core sales and marketing functions."
https://teztraffic.com/,Corporates,Delhi,093117 10516,Sales,98,"Tez Traffic is a digital marketing company that explicitly focuses on generating leads, increasing brand awareness, improving conversion rates, and directly enhancing sales and ROI for its clients."
https://www.mahiradigital.com/,Corporates,Delhi,099539 62966,Sales,95,"Mahira Digital is a B2B digital marketing agency focused on driving customer acquisition and boosting clients' online sales, making a 'Sales' course highly relevant for both their internal business development and client-facing service delivery."
https://unisquareconcepts.com/,Corporates,Delhi,,Sales,95,"Uni Square Concepts is an advertising and marketing agency whose primary goal is to drive brand awareness, lead generation, and sales for its clients, making it inherently a sales-driven industry."
https://www.4pz.in/,Corporates,Delhi,098114 04043,Sales,98,"4Pz is a retail branding and marketing agency whose services, including digital and offline marketing, visual merchandising, and brand activation, are explicitly aimed at driving customer acquisition, engagement, and ultimately sales for their clients."
https://digitalultras.com/,Corporates,Delhi,070428 40441,Sales,95,"Digital Ultras' core business as a digital marketing agency is explicitly focused on generating leads, conversions, and sales for its clients through services like Google Ads, SEO, and performance marketing, making it fundamentally a sales-driven industry."
https://www.unboxfame.com/,Corporates,Delhi,098714 46557,Sales,95,"Unboxfame is a branding and digital marketing agency focused on helping businesses with brand recognition, lead generation, and market presence, making a Sales course highly relevant to their core operations and client services."
https://highonrank.com/,Corporates,Delhi,096540 78140,Sales,98,"HighOnRank is a digital marketing and e-commerce service provider explicitly focused on helping businesses grow sales, manage online marketplaces, and optimize for profit, directly aligning with sales-driven industries."
https://nexgenmarketing.in/?utm_source=gmb&utm_medium=cpc&utm_term=digital_marketing_serives&utm_campaign=services,Corporates,Delhi,076786 44182,Sales,90,"NexGen Marketing is a digital marketing agency whose services and client testimonials overwhelmingly focus on driving leads, conversions, and sales for their clients, indicating a strong presence in a sales-driven industry."
https://www.dishahconsultants.com/sales-training-in-delhi,Corporates,Delhi,098846 23854,Sales,100,"Dishah Consultants is a corporate training company that exclusively specializes in sales and leadership development, with all website content and client case studies revolving around improving sales performance and related soft skills."
https://www.repindia.com/agency/digital-marketing-agency-in-delhi/,Corporates,Delhi,098183 50700,Sales,95,"RepIndia is a digital marketing agency with a strong focus on brand strategy, client acquisition, and driving tangible business results through various digital channels, indicating a core sales-driven operation."
https://digitallyconnects.com/,Corporates,Delhi,,Sales,98,"Digitally Connects is a digital marketing agency explicitly focused on driving measurable growth, lead generation, and conversions, which directly supports and enhances sales for their clients."
https://socialeyes.in/,Corporates,Delhi,097666 95666,Sales,98,"Social Eyes is a digital marketing agency whose entire business model and services are dedicated to driving leads, conversions, and sales growth for its clients, making it a highly sales-driven organization operating in a sales-driven industry."
https://inklik.com/,Corporates,Delhi,099118 40808,Sales,95,"Inklik is a digital marketing agency explicitly focused on lead generation, increasing conversions, and driving sales for its diverse range of clients, indicating a strong alignment with sales-driven industries."
https://www.kingofdigitalmarketing.com/,Corporates,Delhi,098219 18208,Sales,98,"The institution is a digital marketing agency and training institute explicitly focused on generating leads, driving sales, and increasing conversions for businesses, making it a highly sales-driven industry."
http://www.ministryofmarketing.in/,Corporates,Delhi,087000 89990,Sales,92,"Ministry of Marketing is an advertising and performance marketing agency that explicitly specializes in B2B lead generation, building sales pipelines, and is focused on ROI, making it a quintessential sales-driven industry."
https://brandvisage.com/,Corporates,Delhi,097175 80410,Sales,95,"Brand Visage Communications is a digital marketing agency whose primary objective is to drive client business growth, maximize ROI, generate sales-ready leads, and increase profits through various marketing strategies, directly aligning with sales-driven outcomes."
http://digitalsalesolutions.com/,Corporates,Delhi,099582 30707,Sales,98,"Digital Sales Solutions is a performance and growth marketing agency explicitly focused on driving 'DIGITAL SALES,' conversions, and high ROAS for their clients."
https://tlstechnology.in/,Corporates,Delhi,099907 25864,Programming,95,"TLS Technology is a web development and digital marketing agency with a strong tech focus, offering extensive services in various programming languages, app development, and actively hiring software and web developers."
https://digidzn.com/,Corporates,Delhi,092897 45760,Programming,5,"The provided website content is a technical error message related to JavaScript, offering no direct insight into the institution's primary business but vaguely hinting at web technology."
https://iwriteindia.com/,Corporates,Delhi,011 4300 3984,Sales,97,"iWrite India is a digital marketing agency explicitly focused on driving client business growth, lead generation, conversions, and revenue, which are all directly tied to sales outcomes."
https://www.digitalsdaddy.com/,Corporates,Delhi,,Programming,95,"Digital Daddy is a full-service digital agency with a strong emphasis on Web & App Development, API Integration, and AI, explicitly mentioning programming languages and a 'tech team' with 'technical expertise'."
https://fullwebmart.com/,Corporates,Delhi,,Sales,95,"Full Web Mart is a digital marketing agency intensely focused on lead generation, maximizing client ROI, and boosting sales through various digital campaigns and specialized data extraction tools, making it a highly sales-driven organization."
https://www.dynamisers.com/,Corporates,Delhi,098992 69989,Sales,95,"The company is a digital marketing agency whose core business revolves around selling its services and generating leads/sales for its clients, making sales skills critical for its own growth and client success."
https://digilinkers.com/,Corporates,Delhi,098180 00334,Sales,95,"Digilinkers is a digital marketing agency explicitly focused on driving client sales, leads, and ROI through services like SEO, SMM, and paid advertising, making a Sales course highly relevant to their core business objectives."
http://www.theteasercompany.com/,Corporates,Delhi,,Sales,98,"The Teaser Company's core business is generating sales and optimizing marketing performance (CTRs, ROAS) for D2C brands through strategic ad creation and performance marketing, making sales a highly relevant course."
https://www.digitalteamindia.com/,Corporates,Delhi,098187 51513,Sales,95,"Digital Team India's primary focus is to help businesses maximize sales, accelerate growth, and generate leads through e-commerce and digital marketing, making a Sales course directly relevant to their strategic goals and service offerings."
https://emarketingempire.com/,Corporates,Delhi,,Sales,95,"The company is a digital marketing agency that explicitly focuses on generating leads, increasing conversions, and boosting sales and ROI for its clients, identifying it as a sales-driven corporation."
https://www.blinkbrandsolutions.com/,Corporates,Delhi,011 4478 3866,Sales,98,"BlinkBrand Solutions is a sales and marketing agency for the travel and hospitality industry, explicitly offering 'Sales' as a core service, employing 'Sales Specialists' and a 'Sales Head', and operating in a sales-driven sector."
https://onlinemarketingagency.in/,Corporates,Delhi,088605 53836,Sales,95,"The company is an online marketing agency focused on services like social media marketing and strategy, which are directly aimed at driving sales and customer acquisition for their clients and themselves."
https://www.digitalmarkitors.com/,Corporates,Delhi,098188 88064,Sales,95,"Digital Markitors is a digital marketing agency whose services are entirely focused on generating leads, increasing sales, and boosting revenue for their clients through various online strategies."
https://www.globalinfoedge.com/,Corporates,Delhi,093135 12275,Sales,98,"Global Info Edge is a digital marketing agency with a core focus on lead generation, performance marketing, conversions, and driving client growth and profits, which are all directly tied to sales outcomes."
https://www.rapiddigitalgrowth.com/,Corporates,Delhi,083681 23312,Sales,95,"Rapid Digital Growth is a digital marketing agency whose services, mission, and course offerings are all centered on helping businesses grow, generate leads, and drive sales through various online strategies, making it a sales-driven industry."
http://cieloecommerce.com/,Corporates,Delhi,093104 20735,Sales,95,"Cielo E-Commerce is an e-commerce and digital marketing agency, which is inherently a sales-driven industry, focusing heavily on services like digital marketing, e-commerce marketing, and business development to drive client growth."
http://www.creative-inc.in/,Corporates,Delhi,011 4163 4301,Sales,98,"Creative Inc. is a marketing agency whose core business revolves around brand management, digital marketing, lead generation, and ultimately, driving sales for their B2B and B2C clients, making a Sales course highly relevant for enhancing client acquisition and campaign effectiveness."
https://www.excelrange.com/,Corporates,Delhi,098703 76982,Sales,15,"The website is a placeholder, offering no details on services; however, 'Media' companies often rely on sales for revenue generation."
https://brandforyou.in/,Corporates,Delhi,092862 41591,Sales,95,"Brand For You is a B2B digital marketing and branding agency with a Chief Sales Officer explicitly tasked with driving revenue growth and client relationships, indicating a strong internal need for sales excellence."
https://brainbrewmarketing.com/,Corporates,Delhi,083840 90725,Sales,98,"Brain Brew Marketing is a digital marketing agency explicitly focused on elevating brands, increasing revenue, and reaching target audiences, which are core objectives of sales-driven organizations."
https://skillsify.in/,Corporates,Delhi,077039 05638,Sales,95,"Skillsify is a digital marketing agency explicitly focused on helping its corporate clients drive sales, generate leads, and improve conversions, clearly positioning it within a sales-driven industry."
https://hitupsolutions.com/,Corporates,Delhi,084499 43709,Sales,98,"HitupSolutions is a digital marketing agency that specializes in driving business growth, lead generation, and online sales for its clients through services like SEO, PPC, social media, and e-commerce account management."
https://www.digitalkeddy.com/,Corporates,Delhi,096253 50146,Sales,95,"Digitalkeddy is a digital marketing agency whose primary mission is to help clients achieve online presence, engagement, and revenue growth, making it a sales-driven industry that would benefit from enhanced sales strategies and client acquisition skills."
https://brandbajade.com/,Corporates,Delhi,091237 47558,Sales,95,"Brandbajade.com is a branding and advertising agency whose core services, including digital marketing, brand strategy, and communication design, are fundamentally aimed at helping their clients generate leads and drive sales, making them a company in a sales-driven industry."
http://nsut.ac.in/,Schools,Delhi,011 2500 0268,Programming,95,"Netaji Subhas University of Technology (NSUT) is explicitly defined and consistently referred to as a leading institution in technical education, engineering, and technology, with a strong emphasis on research in these domains."
https://adgips.ac.in/,Schools,Delhi,011 4990 5900,Programming,0,"The provided website content was a bot verification page, preventing any analysis of the institution's focus to recommend a suitable course."
https://k2digitalmarketing.com/,Corporates,Delhi,088005 10419,Sales,95,"K2 Digital Marketing Agency's core business is to 'attract, engage and convert your customers into sales' for their clients, inherently placing them in a sales-driven industry where understanding sales processes and strategies is paramount for both their own growth and client success."
http://www.jmi.ac.in/,Schools,Delhi,011 2698 5831,Programming,95,"The university has a strong Faculty of Engineering and Technology, including dedicated departments for Computer Engineering and Computer Science, and an FTK Centre for Information Technology, indicating a robust tech focus."
http://www.bvcoend.ac.in/,Schools,Delhi,011 2527 8444,Programming,98,"Bharati Vidyapeeth's College of Engineering is an engineering institution with departments in Computer Science, IT, and other technical fields, and strong industry interactions focused on AI, cloud computing, and software development."
https://www.mait.ac.in/,Schools,Delhi,084481 86942,Programming,98,"Maharaja Agrasen Institute of Technology is an engineering college with numerous specialized technology departments, and its alumni consistently achieve roles as software and data engineers at prominent tech companies."
http://dtu.ac.in/,Schools,Delhi,011 2787 1018,Sales,0,"Due to the inability to retrieve website content, this recommendation is based solely on the 'Department of Studies in Management' name which often implies a need for business development skills like sales."
http://www.iiitd.ac.in/,Schools,Delhi,011 2690 7400,Programming,98,"IIIT-Delhi is a leading research-led technical university with academic departments, programs, and research centers almost entirely focused on Computer Science, Electronics, and Information Technology."
http://www.msit.in/,Schools,Delhi,011 4503 7193,Programming,100,"Maharaja Surajmal Institute of Technology is an engineering college with a core focus on Computer Science, IT, Electronics, and Electrical engineering, evidenced by its departments, B.Tech offerings, specialized labs, and placements with leading tech companies."
http://www.aiactr.ac.in/,Schools,Delhi,011 2121 0161,Programming,98,"The institution is an engineering college (NSUT East Campus, formerly AIACTR) with departments in Computer Science and Engineering and Electronics and Communication Engineering, offering specialized M.Tech and B.Tech programs in advanced technical fields like Big Data Analytics, AI/ML, IOT, Information Security, and Digital Communication."
http://nsut.ac.in/,Schools,Delhi,011 2500 0268,Programming,98,"Netaji Subhas University of Technology is explicitly described as a 'seat of higher technical education' and one of India's 'top engineering colleges,' with a strong focus on engineering, technology, and research, including programs in Computer Science Engineering and AI."
https://dseu.ac.in/,Schools,Delhi,1800 309 3209,Programming,95,"The DSEU Ashok Vihar campus offers multiple engineering diplomas, including Computer Engineering and Information Technology, indicating a strong focus on technical and programming skills."
https://dseu.ac.in/ashok-vihar/,Schools,Delhi,011 2742 6263,Programming,95,"The campus offers multiple engineering diplomas, including Computer Engineering, indicating a strong focus on technical and programming skills."
http://www.nitdelhi.ac.in/,Schools,Delhi,011 3386 1005,Programming,100,"NIT Delhi is an engineering institute of national importance with a strong focus on Computer Science, Electrical, and Electronics engineering disciplines, research, and technical student activities."
http://gtb4cec.org/,Schools,Delhi,099110 00782,Programming,98,"The institution is an engineering college with numerous B.Tech specializations in Computer Science, Information Technology, Data Science, and AI/ML, demonstrating a strong technical and programming-centric focus."
https://www.niet.co.in/?utm_source=GMB&utm_medium=organic,Schools,Delhi,080105 00700,Programming,98,"NIET is primarily an Engineering and Technology institute with an extensive array of B.Tech and M.Tech programs in computer science, IT, AI, and related fields, supported by numerous innovation labs focused on cutting-edge technologies and a strong emphasis on developing programming skills."
https://www.ksimt.ac.in/,Schools,Delhi,099536 31363,Programming,95,"The institution offers a vast array of IT and Engineering programs, including numerous specializations in Computer Science, AI, Data Science, Cybersecurity, and Blockchain, indicating a strong tech focus."
http://gtbit.ac.in/,Schools,Delhi,011 4559 9900,Programming,95,"GTBIT is a technical institute offering numerous engineering disciplines with a strong emphasis on Computer Science, AI/ML, Data Science, and Electronics, and places students predominantly in IT and tech roles, indicating a clear tech focus."
http://kccitm.edu.in/,Schools,Delhi,092100 65555,Programming,95,"KCC Institutes, particularly KCC Institute of Technology and Management, offers an extensive array of B.Tech and M.Tech programs with numerous specializations in Computer Science & Engineering, Artificial Intelligence, Data Science, and other engineering fields, indicating a strong technological and engineering focus."
http://iitm.net.in/,Schools,Delhi,011 2852 0890,Programming,95,"The institution offers prominent B.Tech in Computer Science Engineering and BCA programs, focuses on producing Information Technology professionals and Software Engineers, and hosts tech-specific events like 'Tech Hackers' and 'InternNexus Code Blitz 1.0'."
https://saitm.ac.in/,Schools,Delhi,085059 37772,Programming,95,"SAITM explicitly identifies as an 'Engineering College' and its program offerings are overwhelmingly focused on B.Tech and M.Tech degrees in Computer Science, AI/ML, Data Science, and other technical domains, emphasizing technical skills and modern technical training."
https://www.fimt-ggsipu.org/,Schools,Delhi,093123 52942,Programming,95,"The institution features a prominent 'School of Engineering & Technology' offering Bachelor of Technology (CSE/IT/ECE/AIML) and Computer Applications (BCA) degrees, with extensive placement records in major tech companies like Microsoft, Google, IBM, and Wipro."
https://www.acem.edu.in/,Schools,Delhi,085275 38785,Programming,95,"The institution, Aravali College of Engineering and Management, offers a robust suite of B.Tech (CSE, AI & ML, ECE) and BCA (Computer Applications, Data Science) programs, with the BCA course detailing strong emphasis on software design, algorithms, data structures, and programming languages, indicating a significant and sustained focus on technical and programming education."
http://www.bmiet.net/,Schools,Delhi,1800 419 7701,Programming,95,"The institution is explicitly an 'Institute of Engineering & Technology' and an 'Engineering College', making programming skills highly relevant for its students."
http://www.iitmjp.ac.in/,Schools,Delhi,011 2852 0894,Sales,90,"The institution, IITM, has a significant focus on Management, Business Administration (BBA), and Commerce (B.Com(H)) programs, with a stated mission to develop 'World Class Managers', making sales skills highly relevant for its graduates."
http://www.jmsit.ac.in/,Schools,Delhi,093112 18317,Programming,95,"The institution explicitly identifies itself as an 'Institute of Technology' and prominently features a wide range of B.Tech (including Computer Science and AI/ML) and Master of Computer Application (MCA) programs, indicating a strong engineering and technology focus."
http://www.fms.edu/,Schools,Delhi,095011 13335,Sales,95,"The Faculty of Management Studies is explicitly a business school focused on management education, business administration, and preparing leaders for the dynamic business environment, making a Sales course highly relevant for its curriculum and graduates."
https://iilm.edu.in/?utm_source=google&utm_medium=organic&utm_campaign=gmb_listing,Schools,Delhi,095991 71240,Sales,90,"IILM University explicitly positions itself as a prominent B-school with a long legacy of training managers and entrepreneurs, and its MBA program includes a specialization in Marketing Management with 'Sales & Distribution'."
https://www.fsm.ac.in/,Schools,Delhi,011 4124 2424,Sales,95,"FSM is explicitly identified as a 'B-School' and 'Management Institute,' preparing future business leaders with a focus on management education, research, training, and corporate interaction, making sales skills highly relevant for its graduates."
https://www.ndimdelhi.org/,Schools,Delhi,011 4011 1000,Sales,98,"NDIM is clearly identified as a premier B-School with a strong focus on management, marketing, and finance programs, explicitly offering a 'Programme on Sales Training for Beginners' and demonstrating successful placements in sales-driven industries."
http://www.imi.edu/,Schools,Delhi,011 4719 4100,Sales,98,"International Management Institute (IMI) is explicitly identified as a corporate-sponsored business school, consistently ranked among top business schools, offering various management programs, and engaging with sales-driven companies like Salesforce for industry connections."
http://www.mdi.ac.in/,Schools,Delhi,0124 456 0000,Sales,98,"MDI Gurgaon consistently identifies itself as a 'Top B-School in India' offering various Post Graduate Diploma in Management (PGDM) and MBA programs, indicating a strong focus on business and management education where sales skills are highly relevant."
https://www.bimtech.ac.in/,Schools,Delhi,093550 24501,Sales,95,"The Birla Institute of Management Technology (BIMTECH) is explicitly a business school with a strong focus on various PGDM programs in management, retail, and international business, making sales skills highly relevant for its students."
http://www.imt.edu/,Schools,Delhi,0120 408 3200,Sales,98,"IMT Ghaziabad is a premier AACSB accredited management school focused on grooming leaders for business functions such as sales, marketing, and finance, as evidenced by its PGDM programs, alumni roles, and explicit mentions of 'Solution Sales' in placement statistics."
https://www.soil.edu.in/,Schools,Delhi,092053 33417,Sales,98,"SOIL is clearly identified as an 'Institute of Management' offering Post Graduate Programs in Management (PGPM, PGDM, PGPM-HR) with a strong emphasis on business, leadership, and career development, making a Sales course highly relevant for its curriculum and student placements."
https://iilmlr.ac.in/,Schools,Delhi,,Sales,95,"The institution identifies itself as a leading business management school, offering PGDM and BBA programs focused on developing entrepreneurial and leadership competencies for the business world, making a sales course highly relevant to its students."
https://empi.ac.in/,Schools,Delhi,088000 10971,Sales,95,"EMPI is explicitly a business school offering various PGDM programs with specializations like Marketing and Business Analytics, which directly list Sales Manager and Sales Analyst as career opportunities."
http://www.dtu.ac.in/Web/Departments/DSM/about/,Schools,Delhi,011 2729 6203,Programming,0,"No content was retrieved from the provided web page, preventing an informed recommendation for either course."
